column,value
"[48, 49, 48, 49, 35, 0, 128, 2, 170, 1, 0, 0, 0, 0, 0, 0, 0, 0, 0, 0, ... ]",408
"[48, 49, 48, 48, 5, 0, 1, 100, 0, 236, 0, 0, 0, 0, 0, 0, 0, 0, 0, 0, ... ]",202
"[48, 49, 48, 48, 5, 1, 1, 100, 0, 236, 0, 0, 0, 0, 0, 215, 0, 150, 0, 108, ... ]",5
"[48, 49, 48, 48, 5, 1, 1, 100, 0, 236, 0, 0, 0, 0, 0, 178, 0, 110, 0, 38, ... ]",2
"[48, 49, 48, 49, 35, 1, 128, 2, 170, 1, 0, 0, 0, 0, 178, 1, 218, 0, 148, 0, ... ]",2
"[48, 49, 48, 49, 35, 1, 128, 2, 170, 1, 0, 0, 0, 0, 163, 1, 236, 0, 173, 0, ... ]",2
"[48, 49, 48, 49, 35, 1, 128, 2, 170, 1, 0, 0, 0, 0, 234, 0, 152, 0, 108, 0, ... ]",2
"[48, 49, 48, 49, 35, 0, 128, 2, 104, 1, 0, 0, 0, 0, 0, 0, 0, 0, 0, 0, ... ]",2
"[48, 49, 48, 49, 35, 4, 128, 2, 170, 1, 0, 0, 0, 0, 23, 2, 245, 0, 37, 0, ... ]",2
"[48, 49, 48, 48, 5, 1, 1, 100, 0, 236, 0, 0, 0, 0, 0, 201, 0, 130, 0, 136, ... ]",2
"[48, 49, 48, 49, 35, 2, 128, 2, 170, 1, 0, 0, 0, 0, 156, 1, 10, 1, 43, 0, ... ]",1
"[48, 49, 48, 49, 35, 1, 128, 2, 170, 1, 0, 0, 0, 0, 162, 1, 178, 0, 185, 0, ... ]",1
"[48, 49, 48, 49, 35, 1, 128, 2, 170, 1, 0, 0, 0, 0, 165, 1, 228, 0, 64, 0, ... ]",1
"[48, 49, 48, 49, 35, 1, 128, 2, 170, 1, 0, 0, 0, 0, 94, 1, 17, 1, 232, 0, ... ]",1
"[48, 49, 48, 49, 35, 1, 128, 2, 170, 1, 0, 0, 0, 0, 190, 1, 192, 0, 70, 0, ... ]",1
"[48, 49, 48, 49, 35, 1, 128, 2, 170, 1, 0, 0, 0, 0, 251, 1, 206, 0, 34, 0, ... ]",1
"[48, 49, 48, 49, 35, 1, 128, 2, 170, 1, 0, 0, 0, 0, 63, 1, 185, 0, 25, 0, ... ]",1
"[48, 49, 48, 49, 35, 2, 128, 2, 170, 1, 0, 0, 0, 0, 62, 1, 222, 0, 91, 0, ... ]",1
"[48, 49, 48, 48, 5, 1, 1, 100, 0, 236, 0, 0, 0, 0, 0, 213, 0, 121, 0, 104, ... ]",1
"[48, 49, 48, 49, 35, 1, 128, 2, 170, 1, 0, 0, 0, 0, 131, 1, 195, 0, 125, 0, ... ]",1
"[48, 49, 48, 49, 35, 1, 128, 2, 170, 1, 0, 0, 0, 0, 157, 1, 2, 1, 182, 0, ... ]",1
"[48, 49, 48, 48, 5, 1, 1, 100, 0, 236, 0, 0, 0, 0, 0, 229, 0, 93, 0, 38, ... ]",1
"[48, 49, 48, 49, 35, 1, 128, 2, 170, 1, 0, 0, 0, 0, 208, 1, 190, 0, 32, 0, ... ]",1
"[48, 49, 48, 48, 5, 1, 1, 100, 0, 236, 0, 0, 0, 0, 0, 191, 0, 88, 0, 54, ... ]",1
"[48, 49, 48, 48, 5, 1, 1, 100, 0, 236, 0, 0, 0, 0, 0, 120, 0, 118, 0, 44, ... ]",1
"[48, 49, 48, 49, 35, 2, 128, 2, 170, 1, 0, 0, 0, 0, 76, 1, 201, 0, 60, 0, ... ]",1
"[48, 49, 48, 49, 35, 1, 128, 2, 170, 1, 0, 0, 0, 0, 225, 1, 206, 0, 114, 0, ... ]",1
"[48, 49, 48, 48, 5, 1, 1, 100, 0, 236, 0, 0, 0, 0, 0, 181, 0, 119, 0, 76, ... ]",1
"[48, 49, 48, 48, 5, 1, 1, 100, 0, 236, 0, 0, 0, 0, 0, 207, 0, 123, 0, 138, ... ]",1
"[48, 49, 48, 49, 35, 3, 128, 2, 170, 1, 0, 0, 0, 0, 246, 1, 203, 0, 49, 0, ... ]",1
"[48, 49, 48, 48, 5, 1, 1, 100, 0, 236, 0, 0, 0, 0, 0, 215, 0, 105, 0, 96, ... ]",1
"[48, 49, 48, 48, 5, 2, 1, 100, 0, 236, 0, 0, 0, 0, 0, 137, 0, 71, 0, 48, ... ]",1
"[48, 49, 48, 49, 35, 1, 128, 2, 170, 1, 0, 0, 0, 0, 137, 1, 162, 0, 141, 0, ... ]",1
"[48, 49, 48, 49, 35, 1, 128, 2, 170, 1, 0, 0, 0, 0, 134, 1, 241, 0, 110, 0, ... ]",1
"[48, 49, 48, 49, 35, 1, 128, 2, 170, 1, 0, 0, 0, 0, 141, 1, 235, 0, 114, 0, ... ]",1
"[48, 49, 48, 49, 35, 2, 128, 2, 170, 1, 0, 0, 0, 0, 228, 0, 152, 0, 118, 0, ... ]",1
"[48, 49, 48, 49, 35, 2, 128, 2, 170, 1, 0, 0, 0, 0, 224, 0, 186, 0, 42, 0, ... ]",1
"[48, 49, 48, 49, 35, 1, 128, 2, 170, 1, 0, 0, 0, 0, 126, 1, 196, 0, 95, 0, ... ]",1
"[48, 49, 48, 48, 5, 2, 1, 100, 0, 236, 0, 0, 0, 0, 0, 215, 0, 60, 0, 42, ... ]",1
"[48, 49, 48, 49, 35, 2, 128, 2, 170, 1, 0, 0, 0, 0, 12, 1, 146, 0, 31, 0, ... ]",1
"[48, 49, 48, 49, 35, 2, 128, 2, 170, 1, 0, 0, 0, 0, 63, 1, 221, 0, 147, 0, ... ]",1
"[48, 49, 48, 48, 5, 1, 1, 100, 0, 236, 0, 0, 0, 0, 0, 138, 0, 110, 0, 38, ... ]",1
"[48, 49, 48, 49, 35, 2, 128, 2, 170, 1, 0, 0, 0, 0, 72, 1, 218, 0, 67, 0, ... ]",1
"[48, 49, 48, 49, 35, 2, 128, 2, 170, 1, 0, 0, 0, 0, 7, 2, 8, 1, 32, 0, ... ]",1
"[48, 49, 48, 48, 5, 2, 1, 100, 0, 236, 0, 0, 0, 0, 0, 187, 0, 121, 0, 54, ... ]",1
"[48, 49, 48, 49, 35, 1, 128, 2, 170, 1, 0, 0, 0, 0, 158, 1, 189, 0, 86, 0, ... ]",1
"[48, 49, 48, 49, 35, 2, 128, 2, 170, 1, 0, 0, 0, 0, 64, 1, 170, 0, 41, 0, ... ]",1
"[48, 49, 48, 49, 35, 1, 128, 2, 170, 1, 0, 0, 0, 0, 111, 1, 198, 0, 125, 0, ... ]",1
"[48, 49, 48, 49, 35, 1, 128, 2, 170, 1, 0, 0, 0, 0, 213, 1, 221, 0, 29, 0, ... ]",1
"[48, 49, 48, 49, 35, 1, 128, 2, 170, 1, 0, 0, 0, 0, 126, 0, 202, 0, 82, 0, ... ]",1
"[48, 49, 48, 49, 35, 2, 128, 2, 170, 1, 0, 0, 0, 0, 188, 0, 211, 0, 82, 0, ... ]",1
"[48, 49, 48, 49, 35, 3, 128, 2, 170, 1, 0, 0, 0, 0, 136, 1, 131, 0, 103, 0, ... ]",1
"[48, 49, 48, 49, 35, 2, 128, 2, 170, 1, 0, 0, 0, 0, 44, 1, 215, 0, 43, 0, ... ]",1
"[48, 49, 48, 49, 35, 1, 128, 2, 170, 1, 0, 0, 0, 0, 81, 1, 106, 0, 25, 0, ... ]",1
"[48, 49, 48, 49, 35, 1, 128, 2, 170, 1, 0, 0, 0, 0, 26, 1, 232, 0, 157, 0, ... ]",1
"[48, 49, 48, 48, 5, 1, 1, 100, 0, 236, 0, 0, 0, 0, 0, 220, 0, 89, 0, 68, ... ]",1
"[48, 49, 48, 48, 5, 1, 1, 100, 0, 236, 0, 0, 0, 0, 0, 215, 0, 108, 0, 97, ... ]",1
"[48, 49, 48, 49, 35, 1, 128, 2, 170, 1, 0, 0, 0, 0, 133, 1, 217, 0, 148, 0, ... ]",1
"[48, 49, 48, 49, 35, 1, 128, 2, 170, 1, 0, 0, 0, 0, 130, 1, 139, 0, 90, 0, ... ]",1
"[48, 49, 48, 49, 35, 1, 128, 2, 170, 1, 0, 0, 0, 0, 77, 1, 244, 0, 141, 0, ... ]",1
"[48, 49, 48, 48, 5, 1, 1, 100, 0, 236, 0, 0, 0, 0, 0, 236, 0, 130, 0, 34, ... ]",1
"[48, 49, 48, 49, 35, 1, 128, 2, 170, 1, 0, 0, 0, 0, 244, 0, 203, 0, 113, 0, ... ]",1
"[48, 49, 48, 49, 35, 5, 128, 2, 170, 1, 0, 0, 0, 0, 216, 0, 191, 0, 29, 0, ... ]",1
"[48, 49, 48, 49, 35, 2, 128, 2, 170, 1, 0, 0, 0, 0, 96, 1, 203, 0, 30, 0, ... ]",1
"[48, 49, 48, 48, 5, 1, 1, 100, 0, 236, 0, 0, 0, 0, 0, 195, 0, 109, 0, 34, ... ]",1
"[48, 49, 48, 49, 35, 1, 128, 2, 170, 1, 0, 0, 0, 0, 41, 1, 185, 0, 121, 0, ... ]",1
"[48, 49, 48, 49, 35, 1, 128, 2, 170, 1, 0, 0, 0, 0, 205, 1, 159, 0, 34, 0, ... ]",1
"[48, 49, 48, 49, 35, 2, 128, 2, 170, 1, 0, 0, 0, 0, 209, 0, 168, 0, 32, 0, ... ]",1
"[48, 49, 48, 49, 35, 3, 128, 2, 170, 1, 0, 0, 0, 0, 171, 1, 162, 0, 26, 0, ... ]",1
"[48, 49, 48, 49, 35, 1, 128, 2, 170, 1, 0, 0, 0, 0, 195, 1, 4, 1, 141, 0, ... ]",1
"[48, 49, 48, 49, 35, 2, 128, 2, 170, 1, 0, 0, 0, 0, 233, 0, 239, 0, 42, 0, ... ]",1
"[48, 49, 48, 49, 35, 6, 128, 2, 170, 1, 0, 0, 0, 0, 147, 0, 149, 0, 52, 0, ... ]",1
"[48, 49, 48, 49, 35, 1, 128, 2, 170, 1, 0, 0, 0, 0, 201, 1, 225, 0, 46, 0, ... ]",1
"[48, 49, 48, 48, 5, 1, 1, 100, 0, 236, 0, 0, 0, 0, 0, 212, 0, 92, 0, 110, ... ]",1
"[48, 49, 48, 49, 35, 1, 128, 2, 170, 1, 0, 0, 0, 0, 67, 1, 180, 0, 129, 0, ... ]",1
"[48, 49, 48, 49, 35, 1, 128, 2, 170, 1, 0, 0, 0, 0, 129, 1, 254, 0, 173, 0, ... ]",1
"[48, 49, 48, 49, 35, 1, 128, 2, 170, 1, 0, 0, 0, 0, 89, 1, 203, 0, 173, 0, ... ]",1
"[48, 49, 48, 49, 35, 1, 128, 2, 170, 1, 0, 0, 0, 0, 158, 1, 200, 0, 39, 0, ... ]",1
"[48, 49, 48, 48, 5, 1, 1, 100, 0, 236, 0, 0, 0, 0, 0, 242, 0, 119, 0, 42, ... ]",1
"[48, 49, 48, 49, 35, 1, 128, 2, 170, 1, 0, 0, 0, 0, 191, 1, 212, 0, 68, 0, ... ]",1
"[48, 49, 48, 49, 35, 1, 128, 2, 170, 1, 0, 0, 0, 0, 119, 1, 225, 0, 207, 0, ... ]",1
"[48, 49, 48, 48, 5, 1, 1, 100, 0, 236, 0, 0, 0, 0, 0, 234, 0, 121, 0, 60, ... ]",1
"[48, 49, 48, 49, 35, 1, 128, 2, 170, 1, 0, 0, 0, 0, 19, 2, 168, 0, 60, 0, ... ]",1
"[48, 49, 48, 48, 5, 1, 1, 100, 0, 236, 0, 0, 0, 0, 0, 190, 0, 133, 0, 68, ... ]",1
"[48, 49, 48, 49, 35, 1, 128, 2, 170, 1, 0, 0, 0, 0, 97, 1, 233, 0, 118, 0, ... ]",1
"[48, 49, 48, 49, 35, 1, 128, 2, 170, 1, 0, 0, 0, 0, 165, 1, 161, 0, 2, 1, ... ]",1
"[48, 49, 48, 49, 35, 1, 128, 2, 170, 1, 0, 0, 0, 0, 162, 1, 215, 0, 184, 0, ... ]",1
"[48, 49, 48, 49, 35, 1, 128, 2, 170, 1, 0, 0, 0, 0, 149, 1, 209, 0, 93, 0, ... ]",1
"[48, 49, 48, 49, 35, 1, 128, 2, 170, 1, 0, 0, 0, 0, 183, 1, 238, 0, 106, 0, ... ]",1
"[48, 49, 48, 49, 35, 2, 128, 2, 170, 1, 0, 0, 0, 0, 182, 1, 199, 0, 62, 0, ... ]",1
"[48, 49, 48, 48, 5, 1, 1, 100, 0, 236, 0, 0, 0, 0, 0, 197, 0, 123, 0, 86, ... ]",1
"[48, 49, 48, 49, 35, 1, 128, 2, 170, 1, 0, 0, 0, 0, 176, 1, 214, 0, 132, 0, ... ]",1
"[48, 49, 48, 49, 35, 3, 128, 2, 170, 1, 0, 0, 0, 0, 234, 0, 178, 0, 52, 0, ... ]",1
"[48, 49, 48, 49, 35, 2, 128, 2, 170, 1, 0, 0, 0, 0, 207, 0, 130, 0, 99, 0, ... ]",1
"[48, 49, 48, 49, 35, 1, 128, 2, 170, 1, 0, 0, 0, 0, 61, 1, 216, 0, 39, 0, ... ]",1
"[48, 49, 48, 49, 35, 2, 128, 2, 170, 1, 0, 0, 0, 0, 13, 1, 198, 0, 60, 0, ... ]",1
"[48, 49, 48, 49, 35, 2, 128, 2, 170, 1, 0, 0, 0, 0, 206, 1, 255, 0, 51, 0, ... ]",1
"[48, 49, 48, 49, 35, 1, 128, 2, 170, 1, 0, 0, 0, 0, 174, 1, 144, 0, 187, 0, ... ]",1
"[48, 49, 48, 49, 35, 1, 128, 2, 170, 1, 0, 0, 0, 0, 54, 1, 232, 0, 96, 0, ... ]",1
"[48, 49, 48, 49, 35, 2, 128, 2, 170, 1, 0, 0, 0, 0, 188, 1, 177, 0, 39, 0, ... ]",1
"[48, 49, 48, 49, 35, 4, 128, 2, 170, 1, 0, 0, 0, 0, 13, 1, 130, 0, 30, 0, ... ]",1
"[48, 49, 48, 49, 35, 1, 128, 2, 170, 1, 0, 0, 0, 0, 62, 1, 229, 0, 84, 0, ... ]",1
"[48, 49, 48, 49, 35, 1, 128, 2, 170, 1, 0, 0, 0, 0, 151, 1, 237, 0, 41, 0, ... ]",1
"[48, 49, 48, 48, 5, 2, 1, 100, 0, 236, 0, 0, 0, 0, 0, 209, 0, 76, 0, 42, ... ]",1
"[48, 49, 48, 49, 35, 1, 128, 2, 170, 1, 0, 0, 0, 0, 150, 1, 204, 0, 96, 0, ... ]",1
"[48, 49, 48, 49, 35, 6, 128, 2, 170, 1, 0, 0, 0, 0, 32, 2, 42, 0, 32, 0, ... ]",1
"[48, 49, 48, 49, 35, 1, 128, 2, 170, 1, 0, 0, 0, 0, 201, 1, 211, 0, 43, 0, ... ]",1
"[48, 49, 48, 49, 35, 2, 128, 2, 170, 1, 0, 0, 0, 0, 238, 0, 29, 1, 129, 0, ... ]",1
"[48, 49, 48, 49, 35, 2, 128, 2, 170, 1, 0, 0, 0, 0, 50, 1, 216, 0, 29, 0, ... ]",1
"[48, 49, 48, 48, 5, 1, 1, 100, 0, 236, 0, 0, 0, 0, 1, 20, 0, 119, 0, 38, ... ]",1
"[48, 49, 48, 49, 35, 1, 128, 2, 170, 1, 0, 0, 0, 0, 202, 1, 203, 0, 28, 0, ... ]",1
"[48, 49, 48, 49, 35, 3, 128, 2, 170, 1, 0, 0, 0, 0, 30, 1, 175, 0, 41, 0, ... ]",1
"[48, 49, 48, 49, 35, 1, 128, 2, 170, 1, 0, 0, 0, 0, 16, 1, 174, 0, 28, 0, ... ]",1
"[48, 49, 48, 49, 35, 3, 128, 2, 170, 1, 0, 0, 0, 0, 195, 0, 182, 0, 87, 0, ... ]",1
"[48, 49, 48, 49, 35, 1, 128, 2, 170, 1, 0, 0, 0, 0, 167, 1, 201, 0, 158, 0, ... ]",1
"[48, 49, 48, 49, 35, 2, 128, 2, 170, 1, 0, 0, 0, 0, 173, 1, 164, 0, 49, 0, ... ]",1
"[48, 49, 48, 49, 35, 1, 128, 2, 170, 1, 0, 0, 0, 0, 207, 1, 235, 0, 107, 0, ... ]",1
"[48, 49, 48, 49, 35, 4, 128, 2, 170, 1, 0, 0, 0, 0, 168, 0, 69, 0, 39, 0, ... ]",1
"[48, 49, 48, 49, 35, 1, 128, 2, 170, 1, 0, 0, 0, 0, 10, 1, 251, 0, 141, 0, ... ]",1
"[48, 49, 48, 48, 5, 1, 1, 100, 0, 236, 0, 0, 0, 0, 0, 244, 0, 76, 0, 54, ... ]",1
"[48, 49, 48, 49, 35, 1, 128, 2, 170, 1, 0, 0, 0, 0, 74, 1, 232, 0, 146, 0, ... ]",1
"[48, 49, 48, 49, 35, 1, 128, 2, 170, 1, 0, 0, 0, 0, 129, 1, 244, 0, 92, 0, ... ]",1
"[48, 49, 48, 49, 35, 1, 128, 2, 170, 1, 0, 0, 0, 0, 179, 1, 220, 0, 103, 0, ... ]",1
"[48, 49, 48, 49, 35, 1, 128, 2, 170, 1, 0, 0, 0, 0, 100, 1, 218, 0, 56, 0, ... ]",1
"[48, 49, 48, 49, 35, 2, 128, 2, 170, 1, 0, 0, 0, 0, 221, 0, 188, 0, 64, 0, ... ]",1
"[48, 49, 48, 49, 35, 2, 128, 2, 170, 1, 0, 0, 0, 0, 202, 0, 199, 0, 41, 0, ... ]",1
"[48, 49, 48, 49, 35, 1, 128, 2, 170, 1, 0, 0, 0, 0, 80, 1, 202, 0, 58, 0, ... ]",1
"[48, 49, 48, 49, 35, 1, 128, 2, 170, 1, 0, 0, 0, 0, 33, 1, 243, 0, 137, 0, ... ]",1
"[48, 49, 48, 49, 35, 1, 128, 2, 170, 1, 0, 0, 0, 0, 168, 1, 230, 0, 180, 0, ... ]",1
"[48, 49, 48, 48, 5, 1, 1, 100, 0, 236, 0, 0, 0, 0, 0, 215, 0, 131, 0, 108, ... ]",1
"[48, 49, 48, 49, 35, 1, 128, 2, 170, 1, 0, 0, 0, 0, 8, 1, 187, 0, 99, 0, ... ]",1
"[48, 49, 48, 48, 5, 1, 1, 100, 0, 236, 0, 0, 0, 0, 1, 30, 0, 59, 0, 34, ... ]",1
"[48, 49, 48, 49, 35, 2, 128, 2, 170, 1, 0, 0, 0, 0, 168, 0, 131, 0, 129, 0, ... ]",1
"[48, 49, 48, 49, 35, 3, 128, 2, 170, 1, 0, 0, 0, 0, 72, 0, 77, 0, 25, 0, ... ]",1
"[48, 49, 48, 49, 35, 1, 128, 2, 170, 1, 0, 0, 0, 0, 162, 1, 239, 0, 36, 0, ... ]",1
"[48, 49, 48, 48, 5, 2, 1, 100, 0, 236, 0, 0, 0, 0, 0, 103, 0, 97, 0, 58, ... ]",1
"[48, 49, 48, 49, 35, 1, 128, 2, 170, 1, 0, 0, 0, 0, 172, 0, 225, 0, 64, 0, ... ]",1
"[48, 49, 48, 49, 35, 1, 128, 2, 170, 1, 0, 0, 0, 0, 177, 1, 236, 0, 41, 0, ... ]",1
"[48, 49, 48, 49, 35, 1, 128, 2, 170, 1, 0, 0, 0, 0, 40, 1, 218, 0, 70, 0, ... ]",1
"[48, 49, 48, 49, 35, 2, 128, 2, 170, 1, 0, 0, 0, 0, 151, 1, 213, 0, 82, 0, ... ]",1
"[48, 49, 48, 49, 35, 1, 128, 2, 170, 1, 0, 0, 0, 0, 206, 1, 209, 0, 37, 0, ... ]",1
"[48, 49, 48, 49, 35, 1, 128, 2, 170, 1, 0, 0, 0, 0, 124, 1, 177, 0, 41, 0, ... ]",1
"[48, 49, 48, 49, 35, 1, 128, 2, 170, 1, 0, 0, 0, 0, 186, 1, 190, 0, 69, 0, ... ]",1
"[48, 49, 48, 49, 35, 1, 128, 2, 170, 1, 0, 0, 0, 0, 56, 1, 254, 0, 171, 0, ... ]",1
"[48, 49, 48, 49, 35, 1, 128, 2, 170, 1, 0, 0, 0, 0, 198, 1, 225, 0, 52, 0, ... ]",1
"[48, 49, 48, 49, 35, 1, 128, 2, 170, 1, 0, 0, 0, 0, 172, 1, 156, 0, 171, 0, ... ]",1
"[48, 49, 48, 49, 35, 1, 128, 2, 170, 1, 0, 0, 0, 0, 137, 1, 14, 1, 93, 0, ... ]",1
"[48, 49, 48, 49, 35, 1, 128, 2, 170, 1, 0, 0, 0, 0, 125, 1, 184, 0, 88, 0, ... ]",1
"[48, 49, 48, 49, 35, 1, 128, 2, 170, 1, 0, 0, 0, 0, 215, 1, 234, 0, 28, 0, ... ]",1
"[48, 49, 48, 49, 35, 1, 128, 2, 170, 1, 0, 0, 0, 0, 161, 1, 192, 0, 25, 0, ... ]",1
"[48, 49, 48, 49, 35, 1, 128, 2, 170, 1, 0, 0, 0, 0, 212, 1, 222, 0, 41, 0, ... ]",1
"[48, 49, 48, 49, 35, 2, 128, 2, 170, 1, 0, 0, 0, 0, 164, 1, 116, 0, 41, 0, ... ]",1
"[48, 49, 48, 49, 35, 1, 128, 2, 170, 1, 0, 0, 0, 0, 122, 1, 195, 0, 132, 0, ... ]",1
"[48, 49, 48, 49, 35, 2, 128, 2, 170, 1, 0, 0, 0, 0, 104, 1, 174, 0, 84, 0, ... ]",1
"[48, 49, 48, 49, 35, 2, 128, 2, 170, 1, 0, 0, 0, 0, 173, 0, 146, 0, 81, 0, ... ]",1
"[48, 49, 48, 49, 35, 1, 128, 2, 170, 1, 0, 0, 0, 0, 222, 1, 209, 0, 51, 0, ... ]",1
"[48, 49, 48, 49, 35, 2, 128, 2, 170, 1, 0, 0, 0, 0, 71, 2, 97, 1, 29, 0, ... ]",1
"[48, 49, 48, 49, 35, 1, 128, 2, 170, 1, 0, 0, 0, 0, 107, 1, 217, 0, 40, 0, ... ]",1
"[48, 49, 48, 49, 35, 1, 128, 2, 170, 1, 0, 0, 0, 0, 60, 1, 204, 0, 41, 0, ... ]",1
"[48, 49, 48, 49, 35, 1, 128, 2, 170, 1, 0, 0, 0, 0, 161, 1, 208, 0, 170, 0, ... ]",1
"[48, 49, 48, 48, 5, 2, 1, 100, 0, 236, 0, 0, 0, 0, 0, 116, 0, 77, 0, 58, ... ]",1
"[48, 49, 48, 49, 35, 1, 128, 2, 170, 1, 0, 0, 0, 0, 81, 1, 240, 0, 110, 0, ... ]",1
"[48, 49, 48, 49, 35, 1, 128, 2, 170, 1, 0, 0, 0, 0, 85, 1, 221, 0, 110, 0, ... ]",1
"[48, 49, 48, 49, 35, 8, 128, 2, 170, 1, 0, 0, 0, 0, 146, 0, 140, 0, 40, 0, ... ]",1
"[48, 49, 48, 49, 35, 1, 128, 2, 170, 1, 0, 0, 0, 0, 226, 0, 159, 0, 54, 0, ... ]",1
"[48, 49, 48, 49, 35, 1, 128, 2, 170, 1, 0, 0, 0, 0, 112, 1, 219, 0, 29, 0, ... ]",1
"[48, 49, 48, 48, 5, 1, 1, 100, 0, 236, 0, 0, 0, 0, 0, 218, 0, 112, 0, 54, ... ]",1
"[48, 49, 48, 49, 35, 1, 128, 2, 170, 1, 0, 0, 0, 0, 166, 1, 219, 0, 91, 0, ... ]",1
"[48, 49, 48, 49, 35, 2, 128, 2, 170, 1, 0, 0, 0, 0, 227, 0, 176, 0, 74, 0, ... ]",1
"[48, 49, 48, 49, 35, 2, 128, 2, 170, 1, 0, 0, 0, 0, 8, 2, 60, 0, 84, 0, ... ]",1
"[48, 49, 48, 48, 5, 1, 1, 100, 0, 236, 0, 0, 0, 0, 0, 211, 0, 103, 0, 54, ... ]",1
"[48, 49, 48, 49, 35, 3, 128, 2, 170, 1, 0, 0, 0, 0, 219, 0, 211, 0, 54, 0, ... ]",1
"[48, 49, 48, 49, 35, 3, 128, 2, 170, 1, 0, 0, 0, 0, 132, 0, 241, 0, 58, 0, ... ]",1
"[48, 49, 48, 49, 35, 1, 128, 2, 170, 1, 0, 0, 0, 0, 3, 1, 175, 0, 109, 0, ... ]",1
"[48, 49, 48, 49, 35, 1, 128, 2, 170, 1, 0, 0, 0, 0, 119, 1, 234, 0, 32, 0, ... ]",1
"[48, 49, 48, 49, 35, 1, 128, 2, 170, 1, 0, 0, 0, 0, 176, 1, 207, 0, 41, 0, ... ]",1
"[48, 49, 48, 48, 5, 1, 1, 100, 0, 236, 0, 0, 0, 0, 0, 135, 0, 84, 0, 38, ... ]",1
"[48, 49, 48, 49, 35, 1, 128, 2, 170, 1, 0, 0, 0, 0, 33, 2, 208, 0, 40, 0, ... ]",1
"[48, 49, 48, 49, 35, 2, 128, 2, 170, 1, 0, 0, 0, 0, 70, 1, 112, 0, 60, 0, ... ]",1
"[48, 49, 48, 49, 35, 1, 128, 2, 170, 1, 0, 0, 0, 0, 198, 1, 243, 0, 43, 0, ... ]",1
"[48, 49, 48, 49, 35, 2, 128, 2, 170, 1, 0, 0, 0, 0, 128, 1, 9, 1, 25, 0, ... ]",1
"[48, 49, 48, 49, 35, 1, 128, 2, 170, 1, 0, 0, 0, 0, 200, 0, 182, 0, 98, 0, ... ]",1
"[48, 49, 48, 48, 5, 1, 1, 100, 0, 236, 0, 0, 0, 0, 0, 193, 0, 133, 0, 68, ... ]",1
"[48, 49, 48, 49, 35, 1, 128, 2, 170, 1, 0, 0, 0, 0, 240, 0, 211, 0, 101, 0, ... ]",1
"[48, 49, 48, 49, 35, 3, 128, 2, 170, 1, 0, 0, 0, 0, 168, 1, 61, 1, 37, 0, ... ]",1
"[48, 49, 48, 49, 35, 2, 128, 2, 170, 1, 0, 0, 0, 0, 159, 1, 220, 0, 51, 0, ... ]",1
"[48, 49, 48, 48, 5, 1, 1, 100, 0, 236, 0, 0, 0, 0, 0, 191, 0, 77, 0, 54, ... ]",1
"[48, 49, 48, 49, 35, 1, 128, 2, 170, 1, 0, 0, 0, 0, 89, 1, 235, 0, 103, 0, ... ]",1
"[48, 49, 48, 49, 35, 1, 128, 2, 170, 1, 0, 0, 0, 0, 165, 1, 161, 0, 140, 0, ... ]",1
"[48, 49, 48, 48, 5, 1, 1, 100, 0, 236, 0, 0, 0, 0, 0, 220, 0, 123, 0, 70, ... ]",1
"[48, 49, 48, 49, 35, 1, 128, 2, 170, 1, 0, 0, 0, 0, 50, 1, 210, 0, 32, 0, ... ]",1
"[48, 49, 48, 49, 35, 1, 128, 2, 170, 1, 0, 0, 0, 0, 52, 1, 223, 0, 91, 0, ... ]",1
"[48, 49, 48, 48, 5, 1, 1, 100, 0, 236, 0, 0, 0, 0, 0, 232, 0, 121, 0, 50, ... ]",1
"[48, 49, 48, 49, 35, 2, 128, 2, 170, 1, 0, 0, 0, 0, 218, 1, 202, 0, 114, 0, ... ]",1
"[48, 49, 48, 49, 35, 1, 128, 2, 170, 1, 0, 0, 0, 0, 220, 0, 228, 0, 36, 0, ... ]",1
"[48, 49, 48, 49, 35, 1, 128, 2, 170, 1, 0, 0, 0, 0, 173, 1, 176, 0, 175, 0, ... ]",1
"[48, 49, 48, 48, 5, 1, 1, 100, 0, 236, 0, 0, 0, 0, 0, 218, 0, 90, 0, 92, ... ]",1
"[48, 49, 48, 49, 35, 3, 128, 2, 170, 1, 0, 0, 0, 0, 18, 1, 200, 0, 59, 0, ... ]",1
"[48, 49, 48, 49, 35, 1, 128, 2, 170, 1, 0, 0, 0, 0, 74, 1, 218, 0, 37, 0, ... ]",1
"[48, 49, 48, 49, 35, 1, 128, 2, 170, 1, 0, 0, 0, 0, 163, 1, 243, 0, 209, 0, ... ]",1
"[48, 49, 48, 49, 35, 4, 128, 2, 170, 1, 0, 0, 0, 0, 0, 2, 123, 0, 58, 0, ... ]",1
"[48, 49, 48, 49, 35, 1, 128, 2, 170, 1, 0, 0, 0, 0, 253, 0, 185, 0, 40, 0, ... ]",1
"[48, 49, 48, 49, 35, 1, 128, 2, 170, 1, 0, 0, 0, 0, 75, 1, 207, 0, 97, 0, ... ]",1
"[48, 49, 48, 49, 35, 1, 128, 2, 170, 1, 0, 0, 0, 0, 35, 1, 177, 0, 106, 0, ... ]",1
"[48, 49, 48, 49, 35, 1, 128, 2, 170, 1, 0, 0, 0, 0, 72, 1, 216, 0, 70, 0, ... ]",1
"[48, 49, 48, 49, 35, 1, 128, 2, 170, 1, 0, 0, 0, 0, 216, 1, 215, 0, 51, 0, ... ]",1
"[48, 49, 48, 49, 35, 1, 128, 2, 170, 1, 0, 0, 0, 0, 21, 1, 201, 0, 152, 0, ... ]",1
"[48, 49, 48, 49, 35, 1, 128, 2, 170, 1, 0, 0, 0, 0, 243, 0, 199, 0, 129, 0, ... ]",1
"[48, 49, 48, 49, 35, 1, 128, 2, 170, 1, 0, 0, 0, 0, 247, 0, 250, 0, 138, 0, ... ]",1
"[48, 49, 48, 49, 35, 1, 128, 2, 170, 1, 0, 0, 0, 0, 196, 1, 208, 0, 63, 0, ... ]",1
"[48, 49, 48, 49, 35, 1, 128, 2, 170, 1, 0, 0, 0, 0, 12, 1, 147, 0, 32, 0, ... ]",1
"[48, 49, 48, 49, 35, 1, 128, 2, 170, 1, 0, 0, 0, 0, 85, 1, 36, 1, 141, 0, ... ]",1
"[48, 49, 48, 49, 35, 2, 128, 2, 170, 1, 0, 0, 0, 0, 26, 1, 171, 0, 29, 0, ... ]",1
"[48, 49, 48, 49, 35, 2, 128, 2, 170, 1, 0, 0, 0, 0, 8, 1, 225, 0, 57, 0, ... ]",1
"[48, 49, 48, 49, 35, 1, 128, 2, 170, 1, 0, 0, 0, 0, 65, 1, 214, 0, 32, 0, ... ]",1
"[48, 49, 48, 49, 35, 1, 128, 2, 170, 1, 0, 0, 0, 0, 91, 1, 2, 1, 185, 0, ... ]",1
"[48, 49, 48, 49, 35, 3, 128, 2, 170, 1, 0, 0, 0, 0, 231, 0, 179, 0, 51, 0, ... ]",1
"[48, 49, 48, 49, 35, 1, 128, 2, 170, 1, 0, 0, 0, 0, 230, 0, 137, 0, 96, 0, ... ]",1
"[48, 49, 48, 48, 5, 1, 1, 100, 0, 236, 0, 0, 0, 0, 0, 227, 0, 145, 0, 34, ... ]",1
"[48, 49, 48, 48, 5, 2, 1, 100, 0, 236, 0, 0, 0, 0, 0, 170, 0, 122, 0, 48, ... ]",1
"[48, 49, 48, 49, 35, 1, 128, 2, 170, 1, 0, 0, 0, 0, 76, 1, 190, 0, 41, 0, ... ]",1
"[48, 49, 48, 49, 35, 6, 128, 2, 170, 1, 0, 0, 0, 0, 179, 0, 49, 0, 29, 0, ... ]",1
"[48, 49, 48, 49, 35, 1, 128, 2, 170, 1, 0, 0, 0, 0, 164, 1, 222, 0, 45, 0, ... ]",1
"[48, 49, 48, 49, 35, 1, 128, 2, 170, 1, 0, 0, 0, 0, 199, 1, 210, 0, 43, 0, ... ]",1
"[48, 49, 48, 49, 35, 1, 128, 2, 170, 1, 0, 0, 0, 0, 138, 1, 233, 0, 98, 0, ... ]",1
"[48, 49, 48, 48, 5, 1, 1, 100, 0, 236, 0, 0, 0, 0, 1, 16, 0, 123, 0, 34, ... ]",1
"[48, 49, 48, 49, 35, 2, 128, 2, 170, 1, 0, 0, 0, 0, 62, 1, 215, 0, 64, 0, ... ]",1
"[48, 49, 48, 49, 35, 1, 128, 2, 170, 1, 0, 0, 0, 0, 201, 1, 214, 0, 54, 0, ... ]",1
"[48, 49, 48, 48, 5, 2, 1, 100, 0, 236, 0, 0, 0, 0, 0, 247, 0, 102, 0, 48, ... ]",1
"[48, 49, 48, 49, 35, 1, 128, 2, 170, 1, 0, 0, 0, 0, 220, 0, 98, 0, 35, 0, ... ]",1
"[48, 49, 48, 49, 35, 3, 128, 2, 170, 1, 0, 0, 0, 0, 14, 2, 25, 1, 40, 0, ... ]",1
"[48, 49, 48, 49, 35, 2, 128, 2, 170, 1, 0, 0, 0, 0, 182, 1, 179, 0, 73, 0, ... ]",1
"[48, 49, 48, 49, 35, 1, 128, 2, 170, 1, 0, 0, 0, 0, 4, 2, 238, 0, 42, 0, ... ]",1
"[48, 49, 48, 49, 35, 1, 128, 2, 170, 1, 0, 0, 0, 0, 126, 1, 176, 0, 124, 0, ... ]",1
"[48, 49, 48, 49, 35, 1, 128, 2, 170, 1, 0, 0, 0, 0, 77, 1, 206, 0, 53, 0, ... ]",1
"[48, 49, 48, 49, 35, 1, 128, 2, 170, 1, 0, 0, 0, 0, 64, 1, 174, 0, 95, 0, ... ]",1
"[48, 49, 48, 49, 35, 1, 128, 2, 170, 1, 0, 0, 0, 0, 125, 1, 219, 0, 176, 0, ... ]",1
"[48, 49, 48, 49, 35, 1, 128, 2, 170, 1, 0, 0, 0, 0, 225, 0, 158, 0, 43, 0, ... ]",1
"[48, 49, 48, 49, 35, 1, 128, 2, 170, 1, 0, 0, 0, 0, 72, 1, 223, 0, 70, 0, ... ]",1
"[48, 49, 48, 49, 35, 1, 128, 2, 170, 1, 0, 0, 0, 0, 39, 1, 251, 0, 177, 0, ... ]",1
"[48, 49, 48, 49, 35, 1, 128, 2, 170, 1, 0, 0, 0, 0, 37, 1, 194, 0, 112, 0, ... ]",1
"[48, 49, 48, 49, 35, 2, 128, 2, 170, 1, 0, 0, 0, 0, 66, 1, 156, 0, 54, 0, ... ]",1
"[48, 49, 48, 49, 35, 1, 128, 2, 170, 1, 0, 0, 0, 0, 69, 1, 219, 0, 52, 0, ... ]",1
"[48, 49, 48, 48, 5, 1, 1, 100, 0, 236, 0, 0, 0, 0, 1, 25, 0, 101, 0, 38, ... ]",1
"[48, 49, 48, 49, 35, 1, 128, 2, 170, 1, 0, 0, 0, 0, 157, 1, 220, 0, 234, 0, ... ]",1
"[48, 49, 48, 49, 35, 1, 128, 2, 170, 1, 0, 0, 0, 0, 156, 1, 239, 0, 152, 0, ... ]",1
"[48, 49, 48, 48, 5, 1, 1, 100, 0, 236, 0, 0, 0, 0, 0, 175, 0, 85, 0, 38, ... ]",1
"[48, 49, 48, 49, 35, 1, 128, 2, 170, 1, 0, 0, 0, 0, 199, 1, 186, 0, 36, 0, ... ]",1
"[48, 49, 48, 49, 35, 2, 128, 2, 170, 1, 0, 0, 0, 0, 179, 0, 230, 0, 108, 0, ... ]",1
"[48, 49, 48, 48, 5, 1, 1, 100, 0, 236, 0, 0, 0, 0, 0, 123, 0, 111, 0, 54, ... ]",1
"[48, 49, 48, 49, 35, 1, 128, 2, 170, 1, 0, 0, 0, 0, 201, 1, 205, 0, 37, 0, ... ]",1
"[48, 49, 48, 49, 35, 1, 128, 2, 170, 1, 0, 0, 0, 0, 141, 1, 189, 0, 131, 0, ... ]",1
"[48, 49, 48, 49, 35, 2, 128, 2, 170, 1, 0, 0, 0, 0, 4, 1, 204, 0, 45, 0, ... ]",1
"[48, 49, 48, 49, 35, 1, 128, 2, 170, 1, 0, 0, 0, 0, 128, 1, 201, 0, 125, 0, ... ]",1
"[48, 49, 48, 49, 35, 1, 128, 2, 170, 1, 0, 0, 0, 0, 201, 1, 230, 0, 51, 0, ... ]",1
"[48, 49, 48, 49, 35, 1, 128, 2, 170, 1, 0, 0, 0, 0, 55, 1, 129, 0, 25, 0, ... ]",1
"[48, 49, 48, 49, 35, 1, 128, 2, 170, 1, 0, 0, 0, 0, 1, 1, 152, 0, 87, 0, ... ]",1
"[48, 49, 48, 49, 35, 1, 128, 2, 170, 1, 0, 0, 0, 0, 245, 0, 141, 0, 43, 0, ... ]",1
"[48, 49, 48, 48, 5, 1, 1, 100, 0, 236, 0, 0, 0, 0, 1, 0, 0, 145, 0, 54, ... ]",1
"[48, 49, 48, 49, 35, 1, 128, 2, 170, 1, 0, 0, 0, 0, 207, 1, 169, 0, 93, 0, ... ]",1
"[48, 49, 48, 48, 5, 1, 1, 100, 0, 236, 0, 0, 0, 0, 0, 133, 0, 76, 0, 60, ... ]",1
"[48, 49, 48, 49, 35, 2, 128, 2, 170, 1, 0, 0, 0, 0, 79, 1, 210, 0, 103, 0, ... ]",1
"[48, 49, 48, 49, 35, 1, 128, 2, 170, 1, 0, 0, 0, 0, 116, 1, 175, 0, 147, 0, ... ]",1
"[48, 49, 48, 49, 35, 2, 128, 2, 170, 1, 0, 0, 0, 0, 178, 1, 246, 0, 47, 0, ... ]",1
"[48, 49, 48, 49, 35, 1, 128, 2, 170, 1, 0, 0, 0, 0, 184, 1, 189, 0, 70, 0, ... ]",1
"[48, 49, 48, 49, 35, 1, 128, 2, 170, 1, 0, 0, 0, 0, 92, 0, 194, 0, 32, 0, ... ]",1
"[48, 49, 48, 48, 5, 1, 1, 100, 0, 236, 0, 0, 0, 0, 0, 213, 0, 103, 0, 96, ... ]",1
"[48, 49, 48, 49, 35, 3, 128, 2, 170, 1, 0, 0, 0, 0, 102, 0, 84, 0, 28, 0, ... ]",1
"[48, 49, 48, 48, 5, 1, 1, 100, 0, 236, 0, 0, 0, 0, 0, 147, 0, 150, 0, 108, ... ]",1
"[48, 49, 48, 49, 35, 4, 128, 2, 170, 1, 0, 0, 0, 0, 227, 0, 180, 0, 51, 0, ... ]",1
"[48, 49, 48, 49, 35, 2, 128, 2, 170, 1, 0, 0, 0, 0, 63, 1, 210, 0, 25, 0, ... ]",1
"[48, 49, 48, 49, 35, 2, 128, 2, 170, 1, 0, 0, 0, 0, 179, 1, 183, 0, 45, 0, ... ]",1
"[48, 49, 48, 49, 35, 2, 128, 2, 170, 1, 0, 0, 0, 0, 60, 1, 221, 0, 109, 0, ... ]",1
"[48, 49, 48, 48, 5, 1, 1, 100, 0, 236, 0, 0, 0, 0, 0, 220, 0, 127, 0, 78, ... ]",1
"[48, 49, 48, 49, 35, 2, 128, 2, 170, 1, 0, 0, 0, 0, 158, 1, 149, 0, 45, 0, ... ]",1
"[48, 49, 48, 48, 5, 1, 1, 100, 0, 236, 0, 0, 0, 0, 0, 203, 0, 107, 0, 76, ... ]",1
"[48, 49, 48, 49, 35, 1, 128, 2, 170, 1, 0, 0, 0, 0, 103, 1, 10, 1, 190, 0, ... ]",1
"[48, 49, 48, 49, 35, 2, 128, 2, 170, 1, 0, 0, 0, 0, 32, 1, 107, 0, 51, 0, ... ]",1
"[48, 49, 48, 48, 5, 1, 1, 100, 0, 236, 0, 0, 0, 0, 0, 223, 0, 109, 0, 40, ... ]",1
"[48, 49, 48, 49, 35, 2, 128, 2, 170, 1, 0, 0, 0, 0, 21, 2, 205, 0, 42, 0, ... ]",1
"[48, 49, 48, 49, 35, 1, 128, 2, 170, 1, 0, 0, 0, 0, 95, 1, 234, 0, 129, 0, ... ]",1
"[48, 49, 48, 49, 35, 2, 128, 2, 170, 1, 0, 0, 0, 0, 69, 1, 0, 1, 129, 0, ... ]",1
"[48, 49, 48, 49, 35, 1, 128, 2, 170, 1, 0, 0, 0, 0, 240, 1, 206, 0, 43, 0, ... ]",1
"[48, 49, 48, 49, 35, 2, 128, 2, 170, 1, 0, 0, 0, 0, 233, 1, 234, 0, 43, 0, ... ]",1
"[48, 49, 48, 49, 35, 1, 128, 2, 170, 1, 0, 0, 0, 0, 40, 1, 233, 0, 96, 0, ... ]",1
"[48, 49, 48, 49, 35, 5, 128, 2, 170, 1, 0, 0, 0, 0, 67, 1, 150, 0, 32, 0, ... ]",1
"[48, 49, 48, 49, 35, 2, 128, 2, 170, 1, 0, 0, 0, 0, 164, 1, 147, 0, 43, 0, ... ]",1
"[48, 49, 48, 48, 5, 1, 1, 100, 0, 236, 0, 0, 0, 0, 0, 179, 0, 133, 0, 68, ... ]",1
"[48, 49, 48, 48, 5, 1, 1, 100, 0, 236, 0, 0, 0, 0, 0, 155, 0, 138, 0, 76, ... ]",1
"[48, 49, 48, 48, 5, 1, 1, 100, 0, 236, 0, 0, 0, 0, 0, 180, 0, 66, 0, 34, ... ]",1
"[48, 49, 48, 48, 5, 1, 1, 100, 0, 236, 0, 0, 0, 0, 0, 216, 0, 146, 0, 96, ... ]",1
"[48, 49, 48, 49, 35, 3, 128, 2, 170, 1, 0, 0, 0, 0, 127, 0, 213, 0, 54, 0, ... ]",1
"[48, 49, 48, 49, 35, 1, 128, 2, 170, 1, 0, 0, 0, 0, 81, 1, 214, 0, 32, 0, ... ]",1
"[48, 49, 48, 48, 5, 1, 1, 100, 0, 236, 0, 0, 0, 0, 0, 165, 0, 132, 0, 54, ... ]",1
"[48, 49, 48, 48, 5, 1, 1, 100, 0, 236, 0, 0, 0, 0, 0, 233, 0, 142, 0, 50, ... ]",1
"[48, 49, 48, 49, 35, 1, 128, 2, 170, 1, 0, 0, 0, 0, 188, 1, 250, 0, 120, 0, ... ]",1
"[48, 49, 48, 49, 35, 1, 128, 2, 170, 1, 0, 0, 0, 0, 209, 1, 217, 0, 53, 0, ... ]",1
"[48, 49, 48, 49, 35, 1, 128, 2, 170, 1, 0, 0, 0, 0, 115, 1, 140, 0, 64, 0, ... ]",1
"[48, 49, 48, 49, 35, 1, 128, 2, 170, 1, 0, 0, 0, 0, 143, 1, 199, 0, 235, 0, ... ]",1
"[48, 49, 48, 49, 35, 1, 128, 2, 170, 1, 0, 0, 0, 0, 59, 1, 218, 0, 68, 0, ... ]",1
"[48, 49, 48, 49, 35, 1, 128, 2, 170, 1, 0, 0, 0, 0, 201, 1, 214, 0, 51, 0, ... ]",1
"[48, 49, 48, 49, 35, 1, 128, 2, 170, 1, 0, 0, 0, 0, 106, 0, 211, 0, 30, 0, ... ]",1
"[48, 49, 48, 49, 35, 1, 128, 2, 170, 1, 0, 0, 0, 0, 211, 1, 206, 0, 42, 0, ... ]",1
"[48, 49, 48, 48, 5, 1, 1, 100, 0, 236, 0, 0, 0, 0, 0, 217, 0, 143, 0, 86, ... ]",1
"[48, 49, 48, 48, 5, 1, 1, 100, 0, 236, 0, 0, 0, 0, 0, 242, 0, 107, 0, 34, ... ]",1
"[48, 49, 48, 48, 5, 2, 1, 100, 0, 236, 0, 0, 0, 0, 0, 111, 0, 85, 0, 40, ... ]",1
"[48, 49, 48, 49, 35, 5, 128, 2, 170, 1, 0, 0, 0, 0, 246, 1, 198, 0, 32, 0, ... ]",1
"[48, 49, 48, 49, 35, 1, 128, 2, 170, 1, 0, 0, 0, 0, 200, 1, 213, 0, 47, 0, ... ]",1
"[48, 49, 48, 49, 35, 1, 128, 2, 170, 1, 0, 0, 0, 0, 84, 1, 56, 0, 82, 0, ... ]",1
"[48, 49, 48, 48, 5, 1, 1, 100, 0, 236, 0, 0, 0, 0, 0, 185, 0, 131, 0, 56, ... ]",1
"[48, 49, 48, 49, 35, 2, 128, 2, 170, 1, 0, 0, 0, 0, 255, 0, 159, 0, 93, 0, ... ]",1
"[48, 49, 48, 49, 35, 2, 128, 2, 170, 1, 0, 0, 0, 0, 147, 1, 195, 0, 151, 0, ... ]",1
"[48, 49, 48, 49, 35, 5, 128, 2, 170, 1, 0, 0, 0, 0, 61, 1, 162, 0, 35, 0, ... ]",1
"[48, 49, 48, 49, 35, 1, 128, 2, 170, 1, 0, 0, 0, 0, 152, 1, 10, 1, 101, 0, ... ]",1
"[48, 49, 48, 49, 35, 1, 128, 2, 170, 1, 0, 0, 0, 0, 220, 1, 161, 0, 129, 0, ... ]",1
"[48, 49, 48, 48, 5, 1, 1, 100, 0, 236, 0, 0, 0, 0, 0, 101, 0, 96, 0, 44, ... ]",1
"[48, 49, 48, 48, 5, 1, 1, 100, 0, 236, 0, 0, 0, 0, 0, 229, 0, 137, 0, 38, ... ]",1
"[48, 49, 48, 49, 35, 2, 128, 2, 170, 1, 0, 0, 0, 0, 82, 1, 217, 0, 30, 0, ... ]",1
"[48, 49, 48, 48, 5, 1, 1, 100, 0, 236, 0, 0, 0, 0, 0, 161, 0, 125, 0, 86, ... ]",1
"[48, 49, 48, 49, 35, 1, 128, 2, 170, 1, 0, 0, 0, 0, 49, 1, 206, 0, 101, 0, ... ]",1
"[48, 49, 48, 48, 5, 2, 1, 100, 0, 236, 0, 0, 0, 0, 0, 138, 0, 120, 0, 46, ... ]",1
"[48, 49, 48, 49, 35, 1, 128, 2, 170, 1, 0, 0, 0, 0, 127, 1, 180, 0, 152, 0, ... ]",1
"[48, 49, 48, 48, 5, 2, 1, 100, 0, 236, 0, 0, 0, 0, 0, 174, 0, 89, 0, 38, ... ]",1
"[48, 49, 48, 49, 35, 1, 128, 2, 170, 1, 0, 0, 0, 0, 3, 2, 213, 0, 47, 0, ... ]",1
"[48, 49, 48, 48, 5, 1, 1, 100, 0, 236, 0, 0, 0, 0, 0, 216, 0, 125, 0, 96, ... ]",1
"[48, 49, 48, 49, 35, 1, 128, 2, 170, 1, 0, 0, 0, 0, 75, 1, 226, 0, 82, 0, ... ]",1
"[48, 49, 48, 49, 35, 1, 128, 2, 170, 1, 0, 0, 0, 0, 58, 1, 208, 0, 29, 0, ... ]",1
"[48, 49, 48, 48, 5, 1, 1, 100, 0, 236, 0, 0, 0, 0, 1, 21, 0, 110, 0, 38, ... ]",1
"[48, 49, 48, 48, 5, 1, 1, 100, 0, 236, 0, 0, 0, 0, 0, 230, 0, 99, 0, 56, ... ]",1
"[48, 49, 48, 49, 35, 1, 128, 2, 170, 1, 0, 0, 0, 0, 88, 1, 203, 0, 103, 0, ... ]",1
"[48, 49, 48, 49, 35, 1, 128, 2, 170, 1, 0, 0, 0, 0, 194, 1, 196, 0, 41, 0, ... ]",1
"[48, 49, 48, 48, 5, 1, 1, 100, 0, 236, 0, 0, 0, 0, 0, 177, 0, 131, 0, 48, ... ]",1
"[48, 49, 48, 48, 5, 1, 1, 100, 0, 236, 0, 0, 0, 0, 0, 254, 0, 120, 0, 60, ... ]",1
"[48, 49, 48, 48, 5, 1, 1, 100, 0, 236, 0, 0, 0, 0, 0, 232, 0, 111, 0, 48, ... ]",1
"[48, 49, 48, 48, 5, 1, 1, 100, 0, 236, 0, 0, 0, 0, 0, 175, 0, 122, 0, 34, ... ]",1
"[48, 49, 48, 49, 35, 2, 128, 2, 170, 1, 0, 0, 0, 0, 116, 1, 143, 0, 57, 0, ... ]",1
"[48, 49, 48, 49, 35, 1, 128, 2, 170, 1, 0, 0, 0, 0, 237, 1, 155, 0, 30, 0, ... ]",1
"[48, 49, 48, 49, 35, 2, 128, 2, 170, 1, 0, 0, 0, 0, 140, 0, 208, 0, 75, 0, ... ]",1
"[48, 49, 48, 48, 5, 2, 1, 100, 0, 236, 0, 0, 0, 0, 0, 187, 0, 73, 0, 34, ... ]",1
"[48, 49, 48, 49, 35, 4, 128, 2, 170, 1, 0, 0, 0, 0, 74, 1, 171, 0, 26, 0, ... ]",1
"[48, 49, 48, 49, 35, 2, 128, 2, 170, 1, 0, 0, 0, 0, 254, 0, 215, 0, 64, 0, ... ]",1
"[48, 49, 48, 48, 5, 1, 1, 100, 0, 236, 0, 0, 0, 0, 0, 175, 0, 112, 0, 42, ... ]",1
"[48, 49, 48, 49, 35, 1, 128, 2, 170, 1, 0, 0, 0, 0, 152, 1, 208, 0, 82, 0, ... ]",1
"[48, 49, 48, 49, 35, 2, 128, 2, 170, 1, 0, 0, 0, 0, 42, 0, 178, 0, 25, 0, ... ]",1
"[48, 49, 48, 49, 35, 1, 128, 2, 170, 1, 0, 0, 0, 0, 206, 1, 244, 0, 99, 0, ... ]",1
"[48, 49, 48, 49, 35, 1, 128, 2, 170, 1, 0, 0, 0, 0, 63, 1, 210, 0, 74, 0, ... ]",1
"[48, 49, 48, 49, 35, 2, 128, 2, 170, 1, 0, 0, 0, 0, 192, 1, 218, 0, 31, 0, ... ]",1
"[48, 49, 48, 49, 35, 4, 128, 2, 170, 1, 0, 0, 0, 0, 51, 1, 131, 0, 28, 0, ... ]",1
"[48, 49, 48, 49, 35, 4, 128, 2, 170, 1, 0, 0, 0, 0, 15, 1, 168, 0, 60, 0, ... ]",1
"[48, 49, 48, 49, 35, 5, 128, 2, 170, 1, 0, 0, 0, 0, 154, 0, 47, 1, 29, 0, ... ]",1
"[48, 49, 48, 49, 35, 1, 128, 2, 170, 1, 0, 0, 0, 0, 58, 1, 205, 0, 39, 0, ... ]",1
"[48, 49, 48, 49, 35, 1, 128, 2, 170, 1, 0, 0, 0, 0, 253, 1, 210, 0, 41, 0, ... ]",1
"[48, 49, 48, 49, 35, 2, 128, 2, 170, 1, 0, 0, 0, 0, 212, 1, 228, 0, 82, 0, ... ]",1
"[48, 49, 48, 49, 35, 1, 128, 2, 170, 1, 0, 0, 0, 0, 132, 1, 250, 0, 171, 0, ... ]",1
"[48, 49, 48, 48, 5, 1, 1, 100, 0, 236, 0, 0, 0, 0, 1, 3, 0, 137, 0, 36, ... ]",1
"[48, 49, 48, 49, 35, 1, 128, 2, 170, 1, 0, 0, 0, 0, 41, 1, 181, 0, 56, 0, ... ]",1
"[48, 49, 48, 49, 35, 2, 128, 2, 170, 1, 0, 0, 0, 0, 149, 1, 238, 0, 42, 0, ... ]",1
"[48, 49, 48, 49, 35, 1, 128, 2, 170, 1, 0, 0, 0, 0, 240, 1, 207, 0, 46, 0, ... ]",1
"[48, 49, 48, 49, 35, 1, 128, 2, 170, 1, 0, 0, 0, 0, 65, 1, 233, 0, 37, 0, ... ]",1
"[48, 49, 48, 49, 35, 1, 128, 2, 170, 1, 0, 0, 0, 0, 173, 1, 205, 0, 112, 0, ... ]",1
"[48, 49, 48, 49, 35, 4, 128, 2, 170, 1, 0, 0, 0, 0, 12, 1, 203, 0, 28, 0, ... ]",1
"[48, 49, 48, 49, 35, 1, 128, 2, 170, 1, 0, 0, 0, 0, 215, 1, 198, 0, 46, 0, ... ]",1
"[48, 49, 48, 49, 35, 3, 128, 2, 170, 1, 0, 0, 0, 0, 210, 1, 11, 1, 48, 0, ... ]",1
"[48, 49, 48, 49, 35, 1, 128, 2, 170, 1, 0, 0, 0, 0, 252, 1, 248, 0, 82, 0, ... ]",1
"[48, 49, 48, 49, 35, 2, 128, 2, 170, 1, 0, 0, 0, 0, 134, 0, 2, 1, 48, 0, ... ]",1
"[48, 49, 48, 49, 35, 1, 128, 2, 170, 1, 0, 0, 0, 0, 142, 1, 220, 0, 76, 0, ... ]",1
"[48, 49, 48, 49, 35, 1, 128, 2, 170, 1, 0, 0, 0, 0, 227, 0, 229, 0, 136, 0, ... ]",1
"[48, 49, 48, 49, 35, 2, 128, 2, 170, 1, 0, 0, 0, 0, 226, 0, 176, 0, 36, 0, ... ]",1
"[48, 49, 48, 48, 5, 1, 1, 100, 0, 236, 0, 0, 0, 0, 1, 15, 0, 119, 0, 38, ... ]",1
"[48, 49, 48, 49, 35, 1, 128, 2, 170, 1, 0, 0, 0, 0, 64, 1, 125, 0, 30, 0, ... ]",1
"[48, 49, 48, 48, 5, 1, 1, 100, 0, 236, 0, 0, 0, 0, 0, 254, 0, 101, 0, 60, ... ]",1
"[48, 49, 48, 49, 35, 1, 128, 2, 170, 1, 0, 0, 0, 0, 41, 1, 126, 0, 71, 0, ... ]",1
"[48, 49, 48, 49, 35, 1, 128, 2, 170, 1, 0, 0, 0, 0, 151, 1, 193, 0, 97, 0, ... ]",1
"[48, 49, 48, 49, 35, 1, 128, 2, 170, 1, 0, 0, 0, 0, 76, 1, 211, 0, 28, 0, ... ]",1
"[48, 49, 48, 49, 35, 1, 128, 2, 170, 1, 0, 0, 0, 0, 64, 1, 216, 0, 25, 0, ... ]",1
"[48, 49, 48, 49, 35, 1, 128, 2, 170, 1, 0, 0, 0, 0, 171, 1, 203, 0, 185, 0, ... ]",1
"[48, 49, 48, 49, 35, 2, 128, 2, 170, 1, 0, 0, 0, 0, 128, 1, 183, 0, 25, 0, ... ]",1
"[48, 49, 48, 49, 35, 4, 128, 2, 170, 1, 0, 0, 0, 0, 59, 2, 39, 0, 48, 0, ... ]",1
"[48, 49, 48, 49, 35, 1, 128, 2, 170, 1, 0, 0, 0, 0, 165, 1, 221, 0, 175, 0, ... ]",1
"[48, 49, 48, 49, 35, 1, 128, 2, 170, 1, 0, 0, 0, 0, 187, 1, 218, 0, 25, 0, ... ]",1
"[48, 49, 48, 49, 35, 4, 128, 2, 170, 1, 0, 0, 0, 0, 32, 1, 202, 0, 37, 0, ... ]",1
"[48, 49, 48, 49, 35, 1, 128, 2, 170, 1, 0, 0, 0, 0, 70, 1, 205, 0, 40, 0, ... ]",1
"[48, 49, 48, 49, 35, 1, 128, 2, 170, 1, 0, 0, 0, 0, 165, 1, 210, 0, 207, 0, ... ]",1
"[48, 49, 48, 49, 35, 3, 128, 2, 170, 1, 0, 0, 0, 0, 195, 1, 42, 1, 64, 0, ... ]",1
"[48, 49, 48, 49, 35, 1, 128, 2, 170, 1, 0, 0, 0, 0, 19, 1, 156, 0, 64, 0, ... ]",1
"[48, 49, 48, 48, 5, 1, 1, 100, 0, 236, 0, 0, 0, 0, 0, 224, 0, 121, 0, 60, ... ]",1
"[48, 49, 48, 49, 35, 1, 128, 2, 170, 1, 0, 0, 0, 0, 11, 1, 165, 0, 88, 0, ... ]",1
"[48, 49, 48, 49, 35, 1, 128, 2, 170, 1, 0, 0, 0, 0, 101, 1, 212, 0, 29, 0, ... ]",1
"[48, 49, 48, 49, 35, 2, 128, 2, 170, 1, 0, 0, 0, 0, 59, 1, 218, 0, 52, 0, ... ]",1
"[48, 49, 48, 49, 35, 1, 128, 2, 170, 1, 0, 0, 0, 0, 169, 1, 201, 0, 177, 0, ... ]",1
"[48, 49, 48, 49, 35, 1, 128, 2, 170, 1, 0, 0, 0, 0, 24, 1, 235, 0, 51, 0, ... ]",1
"[48, 49, 48, 49, 35, 4, 128, 2, 170, 1, 0, 0, 0, 0, 65, 0, 169, 0, 26, 0, ... ]",1
"[48, 49, 48, 49, 35, 2, 128, 2, 170, 1, 0, 0, 0, 0, 156, 0, 197, 0, 31, 0, ... ]",1
"[48, 49, 48, 49, 35, 1, 128, 2, 170, 1, 0, 0, 0, 0, 34, 1, 240, 0, 132, 0, ... ]",1
"[48, 49, 48, 48, 5, 1, 1, 100, 0, 236, 0, 0, 0, 0, 0, 237, 0, 111, 0, 40, ... ]",1
"[48, 49, 48, 49, 35, 2, 128, 2, 170, 1, 0, 0, 0, 0, 234, 0, 212, 0, 64, 0, ... ]",1
"[48, 49, 48, 49, 35, 1, 128, 2, 170, 1, 0, 0, 0, 0, 35, 1, 235, 0, 138, 0, ... ]",1
"[48, 49, 48, 49, 35, 1, 128, 2, 170, 1, 0, 0, 0, 0, 141, 1, 193, 0, 207, 0, ... ]",1
"[48, 49, 48, 49, 35, 1, 128, 2, 170, 1, 0, 0, 0, 0, 170, 1, 237, 0, 158, 0, ... ]",1
"[48, 49, 48, 49, 35, 1, 128, 2, 170, 1, 0, 0, 0, 0, 116, 1, 231, 0, 88, 0, ... ]",1
"[48, 49, 48, 49, 35, 2, 128, 2, 170, 1, 0, 0, 0, 0, 63, 1, 214, 0, 26, 0, ... ]",1
"[48, 49, 48, 49, 35, 2, 128, 2, 170, 1, 0, 0, 0, 0, 1, 2, 209, 0, 115, 0, ... ]",1
"[48, 49, 48, 48, 5, 1, 1, 100, 0, 236, 0, 0, 0, 0, 0, 145, 0, 100, 0, 120, ... ]",1
"[48, 49, 48, 49, 35, 7, 128, 2, 170, 1, 0, 0, 0, 0, 192, 1, 214, 0, 25, 0, ... ]",1
"[48, 49, 48, 48, 5, 1, 1, 100, 0, 236, 0, 0, 0, 0, 0, 223, 0, 132, 0, 34, ... ]",1
"[48, 49, 48, 49, 35, 1, 128, 2, 170, 1, 0, 0, 0, 0, 255, 0, 181, 0, 73, 0, ... ]",1
"[48, 49, 48, 49, 35, 2, 128, 2, 170, 1, 0, 0, 0, 0, 226, 0, 244, 0, 29, 0, ... ]",1
"[48, 49, 48, 48, 5, 1, 1, 100, 0, 236, 0, 0, 0, 0, 0, 238, 0, 85, 0, 94, ... ]",1
"[48, 49, 48, 49, 35, 1, 128, 2, 170, 1, 0, 0, 0, 0, 143, 0, 230, 0, 25, 0, ... ]",1
"[48, 49, 48, 48, 5, 1, 1, 100, 0, 236, 0, 0, 0, 0, 1, 3, 0, 116, 0, 34, ... ]",1
"[48, 49, 48, 49, 35, 1, 128, 2, 170, 1, 0, 0, 0, 0, 149, 1, 245, 0, 151, 0, ... ]",1
"[48, 49, 48, 48, 5, 1, 1, 100, 0, 236, 0, 0, 0, 0, 0, 214, 0, 126, 0, 97, ... ]",1
"[48, 49, 48, 49, 35, 1, 128, 2, 170, 1, 0, 0, 0, 0, 171, 1, 175, 0, 57, 0, ... ]",1
"[48, 49, 48, 48, 5, 1, 1, 100, 0, 236, 0, 0, 0, 0, 0, 179, 0, 123, 0, 54, ... ]",1
"[48, 49, 48, 49, 35, 1, 128, 2, 170, 1, 0, 0, 0, 0, 26, 2, 222, 0, 56, 0, ... ]",1
"[48, 49, 48, 49, 35, 1, 128, 2, 170, 1, 0, 0, 0, 0, 130, 0, 205, 0, 25, 0, ... ]",1
"[48, 49, 48, 49, 35, 1, 128, 2, 170, 1, 0, 0, 0, 0, 230, 0, 169, 0, 79, 0, ... ]",1
"[48, 49, 48, 49, 35, 2, 128, 2, 170, 1, 0, 0, 0, 0, 122, 1, 242, 0, 149, 0, ... ]",1
"[48, 49, 48, 49, 35, 1, 128, 2, 170, 1, 0, 0, 0, 0, 103, 1, 148, 0, 32, 0, ... ]",1
"[48, 49, 48, 49, 35, 1, 128, 2, 170, 1, 0, 0, 0, 0, 135, 1, 245, 0, 171, 0, ... ]",1
"[48, 49, 48, 49, 35, 2, 128, 2, 170, 1, 0, 0, 0, 0, 73, 1, 210, 0, 32, 0, ... ]",1
"[48, 49, 48, 49, 35, 1, 128, 2, 170, 1, 0, 0, 0, 0, 69, 1, 206, 0, 25, 0, ... ]",1
"[48, 49, 48, 49, 35, 2, 128, 2, 170, 1, 0, 0, 0, 0, 216, 0, 144, 0, 47, 0, ... ]",1
"[48, 49, 48, 49, 35, 1, 128, 2, 170, 1, 0, 0, 0, 0, 157, 1, 182, 0, 92, 0, ... ]",1
"[48, 49, 48, 48, 5, 1, 1, 100, 0, 236, 0, 0, 0, 0, 0, 213, 0, 107, 0, 86, ... ]",1
"[48, 49, 48, 48, 5, 1, 1, 100, 0, 236, 0, 0, 0, 0, 0, 229, 0, 124, 0, 72, ... ]",1
"[48, 49, 48, 48, 5, 1, 1, 100, 0, 236, 0, 0, 0, 0, 1, 14, 0, 116, 0, 34, ... ]",1
"[48, 49, 48, 49, 35, 1, 128, 2, 170, 1, 0, 0, 0, 0, 138, 1, 188, 0, 99, 0, ... ]",1
"[48, 49, 48, 49, 35, 1, 128, 2, 170, 1, 0, 0, 0, 0, 200, 1, 160, 0, 53, 0, ... ]",1
"[48, 49, 48, 49, 35, 1, 128, 2, 170, 1, 0, 0, 0, 0, 199, 1, 252, 0, 47, 0, ... ]",1
"[48, 49, 48, 48, 5, 1, 1, 100, 0, 236, 0, 0, 0, 0, 1, 9, 0, 87, 0, 34, ... ]",1
"[48, 49, 48, 49, 35, 2, 128, 2, 170, 1, 0, 0, 0, 0, 235, 1, 226, 0, 39, 0, ... ]",1
"[48, 49, 48, 49, 35, 1, 128, 2, 170, 1, 0, 0, 0, 0, 0, 2, 162, 0, 25, 0, ... ]",1
"[48, 49, 48, 48, 5, 1, 1, 100, 0, 236, 0, 0, 0, 0, 0, 219, 0, 135, 0, 76, ... ]",1
"[48, 49, 48, 49, 35, 3, 128, 2, 170, 1, 0, 0, 0, 0, 3, 1, 221, 0, 64, 0, ... ]",1
"[48, 49, 48, 49, 35, 1, 128, 2, 170, 1, 0, 0, 0, 0, 164, 1, 148, 0, 48, 0, ... ]",1
"[48, 49, 48, 49, 35, 2, 128, 2, 170, 1, 0, 0, 0, 0, 58, 1, 209, 0, 42, 0, ... ]",1
"[48, 49, 48, 49, 35, 2, 128, 2, 170, 1, 0, 0, 0, 0, 50, 1, 112, 0, 129, 0, ... ]",1
"[48, 49, 48, 49, 35, 1, 128, 2, 170, 1, 0, 0, 0, 0, 190, 1, 172, 0, 41, 0, ... ]",1
"[48, 49, 48, 48, 5, 1, 1, 100, 0, 236, 0, 0, 0, 0, 0, 172, 0, 87, 0, 54, ... ]",1
"[48, 49, 48, 49, 35, 1, 128, 2, 170, 1, 0, 0, 0, 0, 68, 1, 2, 1, 174, 0, ... ]",1
"[48, 49, 48, 49, 35, 1, 128, 2, 170, 1, 0, 0, 0, 0, 65, 1, 192, 0, 41, 0, ... ]",1
"[48, 49, 48, 49, 35, 1, 128, 2, 170, 1, 0, 0, 0, 0, 234, 0, 208, 0, 25, 0, ... ]",1
"[48, 49, 48, 49, 35, 1, 128, 2, 170, 1, 0, 0, 0, 0, 75, 1, 216, 0, 36, 0, ... ]",1
"[48, 49, 48, 49, 35, 1, 128, 2, 170, 1, 0, 0, 0, 0, 181, 1, 194, 0, 101, 0, ... ]",1
"[48, 49, 48, 48, 5, 1, 1, 100, 0, 236, 0, 0, 0, 0, 1, 30, 0, 121, 0, 42, ... ]",1
"[48, 49, 48, 49, 35, 2, 128, 2, 170, 1, 0, 0, 0, 0, 185, 1, 3, 1, 129, 0, ... ]",1
"[48, 49, 48, 49, 35, 1, 128, 2, 170, 1, 0, 0, 0, 0, 128, 1, 242, 0, 154, 0, ... ]",1
"[48, 49, 48, 49, 35, 2, 128, 2, 170, 1, 0, 0, 0, 0, 244, 0, 200, 0, 87, 0, ... ]",1
"[48, 49, 48, 48, 5, 1, 1, 100, 0, 236, 0, 0, 0, 0, 0, 206, 0, 138, 0, 102, ... ]",1
"[48, 49, 48, 49, 35, 4, 128, 2, 170, 1, 0, 0, 0, 0, 18, 1, 109, 0, 29, 0, ... ]",1
"[48, 49, 48, 49, 35, 2, 128, 2, 170, 1, 0, 0, 0, 0, 25, 1, 183, 0, 56, 0, ... ]",1
"[48, 49, 48, 49, 35, 1, 128, 2, 170, 1, 0, 0, 0, 0, 77, 1, 211, 0, 159, 0, ... ]",1
"[48, 49, 48, 49, 35, 1, 128, 2, 170, 1, 0, 0, 0, 0, 44, 1, 192, 0, 125, 0, ... ]",1
"[48, 49, 48, 49, 35, 1, 128, 2, 170, 1, 0, 0, 0, 0, 226, 0, 116, 0, 54, 0, ... ]",1
"[48, 49, 48, 49, 35, 1, 128, 2, 170, 1, 0, 0, 0, 0, 23, 1, 2, 1, 244, 0, ... ]",1
"[48, 49, 48, 49, 35, 2, 128, 2, 170, 1, 0, 0, 0, 0, 4, 1, 175, 0, 32, 0, ... ]",1
"[48, 49, 48, 49, 35, 1, 128, 2, 170, 1, 0, 0, 0, 0, 70, 1, 237, 0, 32, 0, ... ]",1
"[48, 49, 48, 49, 35, 1, 128, 2, 170, 1, 0, 0, 0, 0, 37, 1, 151, 0, 46, 0, ... ]",1
"[48, 49, 48, 49, 35, 5, 128, 2, 170, 1, 0, 0, 0, 0, 181, 0, 137, 0, 31, 0, ... ]",1
"[48, 49, 48, 49, 35, 1, 128, 2, 170, 1, 0, 0, 0, 0, 89, 1, 210, 0, 36, 0, ... ]",1
"[48, 49, 48, 48, 5, 1, 1, 100, 0, 236, 0, 0, 0, 0, 0, 225, 0, 123, 0, 54, ... ]",1
"[48, 49, 48, 48, 5, 1, 1, 100, 0, 236, 0, 0, 0, 0, 1, 11, 0, 132, 0, 48, ... ]",1
"[48, 49, 48, 49, 35, 2, 128, 2, 170, 1, 0, 0, 0, 0, 55, 1, 223, 0, 35, 0, ... ]",1
"[48, 49, 48, 49, 35, 1, 128, 2, 170, 1, 0, 0, 0, 0, 242, 0, 220, 0, 207, 0, ... ]",1
"[48, 49, 48, 48, 5, 2, 1, 100, 0, 236, 0, 0, 0, 0, 1, 11, 0, 94, 0, 36, ... ]",1
"[48, 49, 48, 49, 35, 1, 128, 2, 170, 1, 0, 0, 0, 0, 132, 1, 188, 0, 208, 0, ... ]",1
"[48, 49, 48, 49, 35, 1, 128, 2, 170, 1, 0, 0, 0, 0, 207, 1, 201, 0, 51, 0, ... ]",1
"[48, 49, 48, 48, 5, 1, 1, 100, 0, 236, 0, 0, 0, 0, 0, 175, 0, 116, 0, 42, ... ]",1
"[48, 49, 48, 49, 35, 1, 128, 2, 170, 1, 0, 0, 0, 0, 236, 1, 210, 0, 57, 0, ... ]",1
"[48, 49, 48, 49, 35, 1, 128, 2, 170, 1, 0, 0, 0, 0, 31, 1, 193, 0, 109, 0, ... ]",1
"[48, 49, 48, 49, 35, 1, 128, 2, 170, 1, 0, 0, 0, 0, 44, 1, 245, 0, 187, 0, ... ]",1
"[48, 49, 48, 49, 35, 1, 128, 2, 170, 1, 0, 0, 0, 0, 154, 1, 164, 0, 197, 0, ... ]",1
"[48, 49, 48, 49, 35, 1, 128, 2, 170, 1, 0, 0, 0, 0, 60, 1, 188, 0, 45, 0, ... ]",1
"[48, 49, 48, 48, 5, 1, 1, 100, 0, 236, 0, 0, 0, 0, 0, 177, 0, 106, 0, 70, ... ]",1
"[48, 49, 48, 48, 5, 2, 1, 100, 0, 236, 0, 0, 0, 0, 0, 123, 0, 80, 0, 34, ... ]",1
"[48, 49, 48, 49, 35, 1, 128, 2, 170, 1, 0, 0, 0, 0, 56, 1, 198, 0, 25, 0, ... ]",1
"[48, 49, 48, 49, 35, 5, 128, 2, 170, 1, 0, 0, 0, 0, 176, 0, 117, 0, 32, 0, ... ]",1
"[48, 49, 48, 49, 35, 1, 128, 2, 170, 1, 0, 0, 0, 0, 208, 1, 194, 0, 45, 0, ... ]",1
"[48, 49, 48, 49, 35, 2, 128, 2, 170, 1, 0, 0, 0, 0, 143, 1, 253, 0, 141, 0, ... ]",1
"[48, 49, 48, 49, 35, 1, 128, 2, 170, 1, 0, 0, 0, 0, 251, 1, 232, 0, 56, 0, ... ]",1
"[48, 49, 48, 49, 35, 2, 128, 2, 170, 1, 0, 0, 0, 0, 219, 1, 81, 0, 25, 0, ... ]",1
"[48, 49, 48, 49, 35, 5, 128, 2, 170, 1, 0, 0, 0, 0, 60, 1, 226, 0, 45, 0, ... ]",1
"[48, 49, 48, 49, 35, 7, 128, 2, 170, 1, 0, 0, 0, 0, 123, 0, 11, 1, 29, 0, ... ]",1
"[48, 49, 48, 49, 35, 1, 128, 2, 170, 1, 0, 0, 0, 0, 189, 1, 222, 0, 69, 0, ... ]",1
"[48, 49, 48, 49, 35, 1, 128, 2, 170, 1, 0, 0, 0, 0, 242, 1, 229, 0, 46, 0, ... ]",1
"[48, 49, 48, 49, 35, 3, 128, 2, 170, 1, 0, 0, 0, 0, 58, 1, 220, 0, 25, 0, ... ]",1
"[48, 49, 48, 49, 35, 2, 128, 2, 170, 1, 0, 0, 0, 0, 245, 0, 191, 0, 35, 0, ... ]",1
"[48, 49, 48, 49, 35, 1, 128, 2, 170, 1, 0, 0, 0, 0, 135, 1, 208, 0, 231, 0, ... ]",1
"[48, 49, 48, 49, 35, 2, 128, 2, 170, 1, 0, 0, 0, 0, 225, 0, 145, 0, 127, 0, ... ]",1
"[48, 49, 48, 49, 35, 1, 128, 2, 170, 1, 0, 0, 0, 0, 90, 1, 236, 0, 43, 0, ... ]",1
"[48, 49, 48, 49, 35, 3, 128, 2, 170, 1, 0, 0, 0, 0, 156, 1, 206, 0, 57, 0, ... ]",1
"[48, 49, 48, 49, 35, 1, 128, 2, 170, 1, 0, 0, 0, 0, 216, 1, 184, 0, 41, 0, ... ]",1
"[48, 49, 48, 48, 5, 1, 1, 100, 0, 236, 0, 0, 0, 0, 0, 217, 0, 137, 0, 92, ... ]",1
"[48, 49, 48, 49, 35, 4, 128, 2, 170, 1, 0, 0, 0, 0, 30, 1, 171, 0, 31, 0, ... ]",1
"[48, 49, 48, 49, 35, 1, 128, 2, 170, 1, 0, 0, 0, 0, 58, 1, 209, 0, 32, 0, ... ]",1
"[48, 49, 48, 49, 35, 2, 128, 2, 170, 1, 0, 0, 0, 0, 149, 0, 91, 0, 82, 0, ... ]",1
"[48, 49, 48, 49, 35, 1, 128, 2, 170, 1, 0, 0, 0, 0, 249, 1, 217, 0, 58, 0, ... ]",1
"[48, 49, 48, 49, 35, 1, 128, 2, 170, 1, 0, 0, 0, 0, 131, 0, 56, 1, 129, 0, ... ]",1
"[48, 49, 48, 49, 35, 1, 128, 2, 170, 1, 0, 0, 0, 0, 160, 1, 186, 0, 36, 0, ... ]",1
"[48, 49, 48, 49, 35, 2, 128, 2, 170, 1, 0, 0, 0, 0, 152, 0, 5, 1, 52, 0, ... ]",1
"[48, 49, 48, 49, 35, 1, 128, 2, 170, 1, 0, 0, 0, 0, 68, 1, 136, 0, 87, 0, ... ]",1
"[48, 49, 48, 49, 35, 1, 128, 2, 170, 1, 0, 0, 0, 0, 19, 1, 187, 0, 165, 0, ... ]",1
"[48, 49, 48, 49, 35, 1, 128, 2, 170, 1, 0, 0, 0, 0, 172, 1, 217, 0, 31, 0, ... ]",1
"[48, 49, 48, 49, 35, 1, 128, 2, 170, 1, 0, 0, 0, 0, 156, 1, 203, 0, 117, 0, ... ]",1
"[48, 49, 48, 48, 5, 1, 1, 100, 0, 236, 0, 0, 0, 0, 0, 224, 0, 119, 0, 68, ... ]",1
"[48, 49, 48, 49, 35, 2, 128, 2, 170, 1, 0, 0, 0, 0, 154, 1, 221, 0, 26, 0, ... ]",1
"[48, 49, 48, 49, 35, 2, 128, 2, 170, 1, 0, 0, 0, 0, 93, 1, 122, 0, 25, 0, ... ]",1
"[48, 49, 48, 49, 35, 1, 128, 2, 170, 1, 0, 0, 0, 0, 228, 1, 218, 0, 64, 0, ... ]",1
"[48, 49, 48, 49, 35, 1, 128, 2, 170, 1, 0, 0, 0, 0, 23, 1, 180, 0, 82, 0, ... ]",1
"[48, 49, 48, 48, 5, 1, 1, 100, 0, 236, 0, 0, 0, 0, 0, 236, 0, 133, 0, 68, ... ]",1
"[48, 49, 48, 49, 35, 2, 128, 2, 170, 1, 0, 0, 0, 0, 138, 1, 178, 0, 48, 0, ... ]",1
"[48, 49, 48, 49, 35, 1, 128, 2, 170, 1, 0, 0, 0, 0, 10, 1, 234, 0, 82, 0, ... ]",1
"[48, 49, 48, 49, 35, 2, 128, 2, 170, 1, 0, 0, 0, 0, 238, 0, 179, 0, 170, 0, ... ]",1
"[48, 49, 48, 49, 35, 1, 128, 2, 170, 1, 0, 0, 0, 0, 219, 1, 216, 0, 56, 0, ... ]",1
"[48, 49, 48, 48, 5, 1, 1, 100, 0, 236, 0, 0, 0, 0, 0, 89, 0, 138, 0, 78, ... ]",1
"[48, 49, 48, 49, 35, 1, 128, 2, 170, 1, 0, 0, 0, 0, 100, 1, 223, 0, 79, 0, ... ]",1
"[48, 49, 48, 49, 35, 1, 128, 2, 170, 1, 0, 0, 0, 0, 120, 1, 203, 0, 165, 0, ... ]",1
"[48, 49, 48, 49, 35, 2, 128, 2, 170, 1, 0, 0, 0, 0, 60, 1, 232, 0, 54, 0, ... ]",1
"[48, 49, 48, 49, 35, 5, 128, 2, 170, 1, 0, 0, 0, 0, 209, 0, 150, 0, 41, 0, ... ]",1
"[48, 49, 48, 49, 35, 1, 128, 2, 170, 1, 0, 0, 0, 0, 7, 1, 146, 0, 25, 0, ... ]",1
"[48, 49, 48, 48, 5, 1, 1, 100, 0, 236, 0, 0, 0, 0, 0, 96, 0, 80, 0, 34, ... ]",1
"[48, 49, 48, 49, 35, 4, 128, 2, 170, 1, 0, 0, 0, 0, 236, 0, 216, 0, 35, 0, ... ]",1
"[48, 49, 48, 49, 35, 2, 128, 2, 170, 1, 0, 0, 0, 0, 67, 1, 222, 0, 53, 0, ... ]",1
"[48, 49, 48, 49, 35, 1, 128, 2, 170, 1, 0, 0, 0, 0, 203, 1, 201, 0, 36, 0, ... ]",1
"[48, 49, 48, 49, 35, 1, 128, 2, 170, 1, 0, 0, 0, 0, 175, 1, 1, 1, 164, 0, ... ]",1
"[48, 49, 48, 49, 35, 3, 128, 2, 170, 1, 0, 0, 0, 0, 136, 1, 226, 0, 29, 0, ... ]",1
"[48, 49, 48, 49, 35, 1, 128, 2, 170, 1, 0, 0, 0, 0, 143, 1, 244, 0, 145, 0, ... ]",1
"[48, 49, 48, 48, 5, 1, 1, 100, 0, 236, 0, 0, 0, 0, 0, 245, 0, 103, 0, 56, ... ]",1
"[48, 49, 48, 49, 35, 1, 128, 2, 170, 1, 0, 0, 0, 0, 172, 1, 208, 0, 82, 0, ... ]",1
"[48, 49, 48, 49, 35, 1, 128, 2, 170, 1, 0, 0, 0, 0, 46, 1, 245, 0, 117, 0, ... ]",1
"[48, 49, 48, 49, 35, 1, 128, 2, 170, 1, 0, 0, 0, 0, 147, 1, 129, 0, 32, 0, ... ]",1
"[48, 49, 48, 49, 35, 5, 128, 2, 170, 1, 0, 0, 0, 0, 163, 0, 166, 0, 51, 0, ... ]",1
"[48, 49, 48, 49, 35, 3, 128, 2, 170, 1, 0, 0, 0, 0, 65, 1, 157, 0, 73, 0, ... ]",1
"[48, 49, 48, 49, 35, 1, 128, 2, 170, 1, 0, 0, 0, 0, 197, 1, 203, 0, 86, 0, ... ]",1
"[48, 49, 48, 49, 35, 1, 128, 2, 170, 1, 0, 0, 0, 0, 16, 1, 164, 0, 40, 0, ... ]",1
"[48, 49, 48, 49, 35, 3, 128, 2, 170, 1, 0, 0, 0, 0, 248, 0, 124, 0, 30, 0, ... ]",1
"[48, 49, 48, 49, 35, 1, 128, 2, 170, 1, 0, 0, 0, 0, 204, 1, 214, 0, 46, 0, ... ]",1
"[48, 49, 48, 49, 35, 1, 128, 2, 170, 1, 0, 0, 0, 0, 169, 1, 217, 0, 52, 0, ... ]",1
"[48, 49, 48, 49, 35, 1, 128, 2, 170, 1, 0, 0, 0, 0, 153, 1, 217, 0, 32, 0, ... ]",1
"[48, 49, 48, 49, 35, 1, 128, 2, 170, 1, 0, 0, 0, 0, 159, 1, 223, 0, 41, 0, ... ]",1
"[48, 49, 48, 49, 35, 2, 128, 2, 170, 1, 0, 0, 0, 0, 68, 1, 200, 0, 82, 0, ... ]",1
"[48, 49, 48, 49, 35, 2, 128, 2, 170, 1, 0, 0, 0, 0, 98, 1, 197, 0, 129, 0, ... ]",1
"[48, 49, 48, 49, 35, 1, 128, 2, 170, 1, 0, 0, 0, 0, 6, 1, 207, 0, 145, 0, ... ]",1
"[48, 49, 48, 49, 35, 3, 128, 2, 170, 1, 0, 0, 0, 0, 200, 0, 160, 0, 29, 0, ... ]",1
"[48, 49, 48, 49, 35, 1, 128, 2, 170, 1, 0, 0, 0, 0, 9, 1, 194, 0, 32, 0, ... ]",1
"[48, 49, 48, 48, 5, 1, 1, 100, 0, 236, 0, 0, 0, 0, 0, 234, 0, 83, 0, 36, ... ]",1
"[48, 49, 48, 49, 35, 1, 128, 2, 170, 1, 0, 0, 0, 0, 214, 1, 251, 0, 36, 0, ... ]",1
"[48, 49, 48, 49, 35, 3, 128, 2, 170, 1, 0, 0, 0, 0, 106, 1, 179, 0, 60, 0, ... ]",1
"[48, 49, 48, 48, 5, 1, 1, 100, 0, 236, 0, 0, 0, 0, 0, 188, 0, 125, 0, 54, ... ]",1
"[48, 49, 48, 48, 5, 1, 1, 100, 0, 236, 0, 0, 0, 0, 0, 246, 0, 119, 0, 42, ... ]",1
"[48, 49, 48, 49, 35, 1, 128, 2, 170, 1, 0, 0, 0, 0, 147, 1, 217, 0, 82, 0, ... ]",1
"[48, 49, 48, 49, 35, 1, 128, 2, 170, 1, 0, 0, 0, 0, 95, 1, 220, 0, 28, 0, ... ]",1
"[48, 49, 48, 49, 35, 16, 128, 2, 170, 1, 0, 0, 0, 0, 94, 1, 149, 1, 40, 0, ... ]",1
"[48, 49, 48, 49, 35, 1, 128, 2, 170, 1, 0, 0, 0, 0, 105, 1, 105, 0, 48, 0, ... ]",1
"[48, 49, 48, 49, 35, 1, 128, 2, 170, 1, 0, 0, 0, 0, 215, 0, 188, 0, 25, 0, ... ]",1
"[48, 49, 48, 49, 35, 1, 128, 2, 170, 1, 0, 0, 0, 0, 250, 1, 178, 0, 59, 0, ... ]",1
"[48, 49, 48, 49, 35, 1, 128, 2, 170, 1, 0, 0, 0, 0, 241, 0, 160, 0, 25, 0, ... ]",1
"[48, 49, 48, 48, 5, 1, 1, 100, 0, 236, 0, 0, 0, 0, 1, 16, 0, 102, 0, 34, ... ]",1
"[48, 49, 48, 49, 35, 2, 128, 2, 170, 1, 0, 0, 0, 0, 71, 1, 166, 0, 47, 0, ... ]",1
"[48, 49, 48, 49, 35, 1, 128, 2, 170, 1, 0, 0, 0, 0, 1, 1, 198, 0, 30, 0, ... ]",1
"[48, 49, 48, 49, 35, 1, 128, 2, 170, 1, 0, 0, 0, 0, 56, 1, 165, 0, 25, 0, ... ]",1
"[48, 49, 48, 48, 5, 1, 1, 100, 0, 236, 0, 0, 0, 0, 0, 204, 0, 122, 0, 76, ... ]",1
"[48, 49, 48, 48, 5, 1, 1, 100, 0, 236, 0, 0, 0, 0, 0, 165, 0, 88, 0, 54, ... ]",1
"[48, 49, 48, 49, 35, 4, 128, 2, 170, 1, 0, 0, 0, 0, 239, 0, 148, 0, 32, 0, ... ]",1
"[48, 49, 48, 49, 35, 2, 128, 2, 170, 1, 0, 0, 0, 0, 156, 1, 214, 0, 68, 0, ... ]",1
"[48, 49, 48, 48, 5, 1, 1, 100, 0, 236, 0, 0, 0, 0, 0, 221, 0, 66, 0, 38, ... ]",1
"[48, 49, 48, 49, 35, 1, 128, 2, 170, 1, 0, 0, 0, 0, 152, 1, 184, 0, 141, 0, ... ]",1
"[48, 49, 48, 49, 35, 1, 128, 2, 170, 1, 0, 0, 0, 0, 37, 1, 19, 1, 129, 0, ... ]",1
"[48, 49, 48, 49, 35, 2, 128, 2, 170, 1, 0, 0, 0, 0, 111, 0, 157, 0, 46, 0, ... ]",1
"[48, 49, 48, 49, 35, 5, 128, 2, 170, 1, 0, 0, 0, 0, 220, 0, 114, 0, 54, 0, ... ]",1
"[48, 49, 48, 49, 35, 1, 128, 2, 170, 1, 0, 0, 0, 0, 175, 1, 14, 1, 207, 0, ... ]",1
"[48, 49, 48, 49, 35, 4, 128, 2, 170, 1, 0, 0, 0, 0, 216, 1, 203, 0, 58, 0, ... ]",1
"[48, 49, 48, 49, 35, 1, 128, 2, 170, 1, 0, 0, 0, 0, 141, 1, 5, 1, 101, 0, ... ]",1
"[48, 49, 48, 48, 5, 1, 1, 100, 0, 236, 0, 0, 0, 0, 0, 167, 0, 133, 0, 68, ... ]",1
"[48, 49, 48, 49, 35, 1, 128, 2, 170, 1, 0, 0, 0, 0, 157, 1, 204, 0, 171, 0, ... ]",1
"[48, 49, 48, 49, 35, 1, 128, 2, 170, 1, 0, 0, 0, 0, 70, 1, 207, 0, 71, 0, ... ]",1
"[48, 49, 48, 49, 35, 1, 128, 2, 170, 1, 0, 0, 0, 0, 182, 1, 204, 0, 87, 0, ... ]",1
"[48, 49, 48, 49, 35, 1, 128, 2, 170, 1, 0, 0, 0, 0, 159, 1, 178, 0, 179, 0, ... ]",1
"[48, 49, 48, 49, 35, 7, 128, 2, 170, 1, 0, 0, 0, 0, 66, 1, 10, 1, 25, 0, ... ]",1
"[48, 49, 48, 49, 35, 1, 128, 2, 170, 1, 0, 0, 0, 0, 184, 1, 217, 0, 114, 0, ... ]",1
"[48, 49, 48, 49, 35, 1, 128, 2, 170, 1, 0, 0, 0, 0, 157, 1, 21, 1, 90, 0, ... ]",1
"[48, 49, 48, 48, 5, 1, 1, 100, 0, 236, 0, 0, 0, 0, 0, 230, 0, 122, 0, 44, ... ]",1
"[48, 49, 48, 48, 5, 1, 1, 100, 0, 236, 0, 0, 0, 0, 0, 166, 0, 94, 0, 42, ... ]",1
"[48, 49, 48, 49, 35, 1, 128, 2, 170, 1, 0, 0, 0, 0, 211, 1, 203, 0, 88, 0, ... ]",1
"[48, 49, 48, 49, 35, 2, 128, 2, 170, 1, 0, 0, 0, 0, 144, 1, 216, 0, 91, 0, ... ]",1
"[48, 49, 48, 48, 5, 1, 1, 100, 0, 236, 0, 0, 0, 0, 0, 235, 0, 102, 0, 34, ... ]",1
"[48, 49, 48, 49, 35, 5, 128, 2, 170, 1, 0, 0, 0, 0, 12, 2, 208, 0, 51, 0, ... ]",1
"[48, 49, 48, 48, 5, 1, 1, 100, 0, 236, 0, 0, 0, 0, 1, 21, 0, 118, 0, 38, ... ]",1
"[48, 49, 48, 49, 35, 1, 128, 2, 170, 1, 0, 0, 0, 0, 6, 2, 210, 0, 62, 0, ... ]",1
"[48, 49, 48, 49, 35, 1, 128, 2, 170, 1, 0, 0, 0, 0, 154, 1, 192, 0, 65, 0, ... ]",1
"[48, 49, 48, 49, 35, 1, 128, 2, 170, 1, 0, 0, 0, 0, 112, 1, 133, 0, 29, 0, ... ]",1
"[48, 49, 48, 49, 35, 1, 128, 2, 170, 1, 0, 0, 0, 0, 215, 1, 226, 0, 92, 0, ... ]",1
"[48, 49, 48, 49, 35, 1, 128, 2, 170, 1, 0, 0, 0, 0, 159, 1, 221, 0, 64, 0, ... ]",1
"[48, 49, 48, 49, 35, 3, 128, 2, 170, 1, 0, 0, 0, 0, 202, 0, 130, 0, 52, 0, ... ]",1
"[48, 49, 48, 49, 35, 4, 128, 2, 170, 1, 0, 0, 0, 0, 203, 0, 180, 0, 40, 0, ... ]",1
"[48, 49, 48, 49, 35, 2, 128, 2, 170, 1, 0, 0, 0, 0, 112, 1, 171, 0, 43, 0, ... ]",1
"[48, 49, 48, 49, 35, 2, 128, 2, 170, 1, 0, 0, 0, 0, 159, 1, 254, 0, 207, 0, ... ]",1
"[48, 49, 48, 49, 35, 1, 128, 2, 170, 1, 0, 0, 0, 0, 176, 1, 211, 0, 86, 0, ... ]",1
"[48, 49, 48, 48, 5, 1, 1, 100, 0, 236, 0, 0, 0, 0, 0, 217, 0, 107, 0, 86, ... ]",1
"[48, 49, 48, 48, 5, 1, 1, 100, 0, 236, 0, 0, 0, 0, 0, 207, 0, 121, 0, 138, ... ]",1
"[48, 49, 48, 49, 35, 1, 128, 2, 170, 1, 0, 0, 0, 0, 0, 1, 165, 0, 45, 0, ... ]",1
"[48, 49, 48, 49, 35, 2, 128, 2, 170, 1, 0, 0, 0, 0, 153, 1, 188, 0, 149, 0, ... ]",1
"[48, 49, 48, 49, 35, 1, 128, 2, 170, 1, 0, 0, 0, 0, 219, 0, 190, 0, 53, 0, ... ]",1
"[48, 49, 48, 49, 35, 2, 128, 2, 170, 1, 0, 0, 0, 0, 188, 1, 177, 0, 51, 0, ... ]",1
"[48, 49, 48, 49, 35, 2, 128, 2, 170, 1, 0, 0, 0, 0, 85, 1, 150, 0, 37, 0, ... ]",1
"[48, 49, 48, 49, 35, 10, 128, 2, 170, 1, 0, 0, 0, 0, 168, 1, 171, 0, 52, 0, ... ]",1
"[48, 49, 48, 49, 35, 1, 128, 2, 170, 1, 0, 0, 0, 0, 31, 1, 194, 0, 145, 0, ... ]",1
"[48, 49, 48, 49, 35, 1, 128, 2, 170, 1, 0, 0, 0, 0, 106, 1, 13, 1, 185, 0, ... ]",1
"[48, 49, 48, 49, 35, 1, 128, 2, 170, 1, 0, 0, 0, 0, 247, 1, 39, 1, 25, 0, ... ]",1
"[48, 49, 48, 49, 35, 2, 128, 2, 170, 1, 0, 0, 0, 0, 231, 1, 218, 0, 114, 0, ... ]",1
"[48, 49, 48, 49, 35, 2, 128, 2, 170, 1, 0, 0, 0, 0, 227, 0, 189, 0, 59, 0, ... ]",1
"[48, 49, 48, 48, 5, 1, 1, 100, 0, 236, 0, 0, 0, 0, 0, 216, 0, 126, 0, 92, ... ]",1
"[48, 49, 48, 49, 35, 1, 128, 2, 170, 1, 0, 0, 0, 0, 40, 1, 225, 0, 121, 0, ... ]",1
"[48, 49, 48, 49, 35, 1, 128, 2, 170, 1, 0, 0, 0, 0, 137, 1, 161, 0, 156, 0, ... ]",1
"[48, 49, 48, 48, 5, 1, 1, 100, 0, 236, 0, 0, 0, 0, 0, 165, 0, 59, 0, 34, ... ]",1
"[48, 49, 48, 48, 5, 1, 1, 100, 0, 236, 0, 0, 0, 0, 0, 222, 0, 132, 0, 60, ... ]",1
"[48, 49, 48, 49, 35, 1, 128, 2, 170, 1, 0, 0, 0, 0, 146, 1, 202, 0, 181, 0, ... ]",1
"[48, 49, 48, 49, 35, 1, 128, 2, 170, 1, 0, 0, 0, 0, 40, 1, 195, 0, 32, 0, ... ]",1
"[48, 49, 48, 49, 35, 1, 128, 2, 170, 1, 0, 0, 0, 0, 208, 1, 229, 0, 46, 0, ... ]",1
"[48, 49, 48, 49, 35, 1, 128, 2, 170, 1, 0, 0, 0, 0, 73, 1, 215, 0, 37, 0, ... ]",1
"[48, 49, 48, 49, 35, 3, 128, 2, 170, 1, 0, 0, 0, 0, 68, 1, 163, 0, 53, 0, ... ]",1
"[48, 49, 48, 49, 35, 1, 128, 2, 170, 1, 0, 0, 0, 0, 78, 1, 236, 0, 110, 0, ... ]",1
"[48, 49, 48, 49, 35, 2, 128, 2, 170, 1, 0, 0, 0, 0, 88, 1, 85, 0, 26, 0, ... ]",1
"[48, 49, 48, 49, 35, 1, 128, 2, 170, 1, 0, 0, 0, 0, 64, 1, 252, 0, 28, 0, ... ]",1
"[48, 49, 48, 49, 35, 1, 128, 2, 170, 1, 0, 0, 0, 0, 44, 1, 220, 0, 103, 0, ... ]",1
"[48, 49, 48, 49, 35, 1, 128, 2, 170, 1, 0, 0, 0, 0, 247, 1, 212, 0, 64, 0, ... ]",1
"[48, 49, 48, 49, 35, 2, 128, 2, 170, 1, 0, 0, 0, 0, 63, 1, 213, 0, 25, 0, ... ]",1
"[48, 49, 48, 49, 35, 1, 128, 2, 170, 1, 0, 0, 0, 0, 180, 1, 205, 0, 117, 0, ... ]",1
"[48, 49, 48, 48, 5, 1, 1, 100, 0, 236, 0, 0, 0, 0, 1, 46, 0, 137, 0, 34, ... ]",1
"[48, 49, 48, 49, 35, 1, 128, 2, 170, 1, 0, 0, 0, 0, 163, 1, 174, 0, 208, 0, ... ]",1
"[48, 49, 48, 48, 5, 1, 1, 100, 0, 236, 0, 0, 0, 0, 0, 166, 0, 96, 0, 44, ... ]",1
"[48, 49, 48, 49, 35, 2, 128, 2, 170, 1, 0, 0, 0, 0, 183, 1, 231, 0, 46, 0, ... ]",1
"[48, 49, 48, 48, 5, 1, 1, 100, 0, 236, 0, 0, 0, 0, 0, 177, 0, 111, 0, 48, ... ]",1
"[48, 49, 48, 49, 35, 1, 128, 2, 170, 1, 0, 0, 0, 0, 201, 1, 211, 0, 46, 0, ... ]",1
"[48, 49, 48, 49, 35, 1, 128, 2, 170, 1, 0, 0, 0, 0, 188, 1, 216, 0, 64, 0, ... ]",1
"[48, 49, 48, 49, 35, 1, 128, 2, 170, 1, 0, 0, 0, 0, 251, 1, 213, 0, 37, 0, ... ]",1
"[48, 49, 48, 49, 35, 1, 128, 2, 170, 1, 0, 0, 0, 0, 176, 1, 148, 0, 82, 0, ... ]",1
"[48, 49, 48, 49, 35, 1, 128, 2, 170, 1, 0, 0, 0, 0, 225, 1, 199, 0, 60, 0, ... ]",1
"[48, 49, 48, 48, 5, 2, 1, 100, 0, 236, 0, 0, 0, 0, 0, 200, 0, 94, 0, 42, ... ]",1
"[48, 49, 48, 49, 35, 1, 128, 2, 170, 1, 0, 0, 0, 0, 70, 1, 86, 0, 57, 0, ... ]",1
"[48, 49, 48, 49, 35, 1, 128, 2, 170, 1, 0, 0, 0, 0, 64, 1, 200, 0, 45, 0, ... ]",1
"[48, 49, 48, 49, 35, 1, 128, 2, 170, 1, 0, 0, 0, 0, 168, 0, 223, 0, 79, 0, ... ]",1
"[48, 49, 48, 49, 35, 1, 128, 2, 170, 1, 0, 0, 0, 0, 235, 0, 186, 0, 25, 0, ... ]",1
"[48, 49, 48, 48, 5, 1, 1, 100, 0, 236, 0, 0, 0, 0, 0, 145, 0, 66, 0, 54, ... ]",1
"[48, 49, 48, 49, 35, 1, 128, 2, 170, 1, 0, 0, 0, 0, 19, 1, 198, 0, 25, 0, ... ]",1
"[48, 49, 48, 49, 35, 1, 128, 2, 170, 1, 0, 0, 0, 0, 80, 1, 214, 0, 29, 0, ... ]",1
"[48, 49, 48, 49, 35, 1, 128, 2, 170, 1, 0, 0, 0, 0, 61, 1, 202, 0, 35, 0, ... ]",1
"[48, 49, 48, 49, 35, 1, 128, 2, 170, 1, 0, 0, 0, 0, 157, 1, 253, 0, 118, 0, ... ]",1
"[48, 49, 48, 49, 35, 1, 128, 2, 170, 1, 0, 0, 0, 0, 165, 1, 227, 0, 35, 0, ... ]",1
"[48, 49, 48, 49, 35, 1, 128, 2, 170, 1, 0, 0, 0, 0, 165, 1, 246, 0, 170, 0, ... ]",1
"[48, 49, 48, 48, 5, 1, 1, 100, 0, 236, 0, 0, 0, 0, 0, 184, 0, 122, 0, 50, ... ]",1
"[48, 49, 48, 49, 35, 1, 128, 2, 170, 1, 0, 0, 0, 0, 136, 1, 0, 1, 165, 0, ... ]",1
"[48, 49, 48, 49, 35, 1, 128, 2, 170, 1, 0, 0, 0, 0, 204, 1, 218, 0, 41, 0, ... ]",1
"[48, 49, 48, 49, 35, 3, 128, 2, 170, 1, 0, 0, 0, 0, 29, 1, 117, 0, 30, 0, ... ]",1
"[48, 49, 48, 49, 35, 1, 128, 2, 170, 1, 0, 0, 0, 0, 177, 1, 118, 0, 29, 0, ... ]",1
"[48, 49, 48, 49, 35, 1, 128, 2, 170, 1, 0, 0, 0, 0, 71, 0, 33, 1, 39, 0, ... ]",1
"[48, 49, 48, 48, 5, 1, 1, 100, 0, 236, 0, 0, 0, 0, 0, 210, 0, 121, 0, 140, ... ]",1
"[48, 49, 48, 49, 35, 2, 128, 2, 170, 1, 0, 0, 0, 0, 143, 0, 143, 0, 29, 0, ... ]",1
"[48, 49, 48, 49, 35, 2, 128, 2, 170, 1, 0, 0, 0, 0, 90, 1, 219, 0, 86, 0, ... ]",1
"[48, 49, 48, 49, 35, 5, 128, 2, 170, 1, 0, 0, 0, 0, 85, 1, 145, 0, 32, 0, ... ]",1
"[48, 49, 48, 49, 35, 1, 128, 2, 170, 1, 0, 0, 0, 0, 170, 1, 149, 0, 25, 0, ... ]",1
"[48, 49, 48, 49, 35, 4, 128, 2, 170, 1, 0, 0, 0, 0, 76, 2, 223, 0, 36, 0, ... ]",1
"[48, 49, 48, 49, 35, 2, 128, 2, 170, 1, 0, 0, 0, 0, 3, 1, 165, 0, 92, 0, ... ]",1
"[48, 49, 48, 49, 35, 1, 128, 2, 170, 1, 0, 0, 0, 0, 158, 1, 211, 0, 110, 0, ... ]",1
"[48, 49, 48, 49, 35, 1, 128, 2, 170, 1, 0, 0, 0, 0, 158, 1, 92, 0, 28, 0, ... ]",1
"[48, 49, 48, 49, 35, 2, 128, 2, 170, 1, 0, 0, 0, 0, 160, 1, 128, 0, 82, 0, ... ]",1
"[48, 49, 48, 49, 35, 1, 128, 2, 170, 1, 0, 0, 0, 0, 63, 1, 180, 0, 37, 0, ... ]",1
"[48, 49, 48, 49, 35, 1, 128, 2, 170, 1, 0, 0, 0, 0, 80, 1, 155, 0, 81, 0, ... ]",1
"[48, 49, 48, 49, 35, 1, 128, 2, 170, 1, 0, 0, 0, 0, 104, 1, 102, 0, 87, 0, ... ]",1
"[48, 49, 48, 49, 35, 1, 128, 2, 170, 1, 0, 0, 0, 0, 67, 1, 171, 0, 31, 0, ... ]",1
"[48, 49, 48, 48, 5, 1, 1, 100, 0, 236, 0, 0, 0, 0, 0, 111, 0, 76, 0, 48, ... ]",1
"[48, 49, 48, 49, 35, 1, 128, 2, 170, 1, 0, 0, 0, 0, 93, 1, 183, 0, 91, 0, ... ]",1
"[48, 49, 48, 49, 35, 3, 128, 2, 170, 1, 0, 0, 0, 0, 45, 1, 165, 0, 39, 0, ... ]",1
"[48, 49, 48, 49, 35, 1, 128, 2, 170, 1, 0, 0, 0, 0, 240, 1, 210, 0, 76, 0, ... ]",1
"[48, 49, 48, 49, 35, 1, 128, 2, 170, 1, 0, 0, 0, 0, 62, 1, 196, 0, 29, 0, ... ]",1
"[48, 49, 48, 49, 35, 2, 128, 2, 170, 1, 0, 0, 0, 0, 101, 1, 182, 0, 71, 0, ... ]",1
"[48, 49, 48, 49, 35, 1, 128, 2, 170, 1, 0, 0, 0, 0, 95, 1, 220, 0, 207, 0, ... ]",1
"[48, 49, 48, 49, 35, 1, 128, 2, 170, 1, 0, 0, 0, 0, 138, 1, 160, 0, 125, 0, ... ]",1
"[48, 49, 48, 49, 35, 1, 128, 2, 170, 1, 0, 0, 0, 0, 132, 1, 169, 0, 140, 0, ... ]",1
"[48, 49, 48, 48, 5, 1, 1, 100, 0, 236, 0, 0, 0, 0, 0, 163, 0, 125, 0, 86, ... ]",1
"[48, 49, 48, 49, 35, 1, 128, 2, 170, 1, 0, 0, 0, 0, 85, 1, 9, 1, 175, 0, ... ]",1
"[48, 49, 48, 48, 5, 1, 1, 100, 0, 236, 0, 0, 0, 0, 0, 195, 0, 80, 0, 34, ... ]",1
"[48, 49, 48, 49, 35, 1, 128, 2, 170, 1, 0, 0, 0, 0, 6, 1, 247, 0, 187, 0, ... ]",1
"[48, 49, 48, 49, 35, 1, 128, 2, 170, 1, 0, 0, 0, 0, 193, 0, 188, 0, 51, 0, ... ]",1
"[48, 49, 48, 49, 35, 1, 128, 2, 170, 1, 0, 0, 0, 0, 146, 1, 187, 0, 110, 0, ... ]",1
"[48, 49, 48, 49, 35, 1, 128, 2, 170, 1, 0, 0, 0, 0, 80, 1, 237, 0, 25, 0, ... ]",1
"[48, 49, 48, 48, 5, 1, 1, 100, 0, 236, 0, 0, 0, 0, 0, 159, 0, 133, 0, 60, ... ]",1
"[48, 49, 48, 49, 35, 2, 128, 2, 170, 1, 0, 0, 0, 0, 115, 1, 138, 0, 107, 0, ... ]",1
"[48, 49, 48, 48, 5, 1, 1, 100, 0, 236, 0, 0, 0, 0, 0, 237, 0, 128, 0, 54, ... ]",1
"[48, 49, 48, 49, 35, 1, 128, 2, 170, 1, 0, 0, 0, 0, 156, 1, 251, 0, 193, 0, ... ]",1
"[48, 49, 48, 49, 35, 2, 128, 2, 170, 1, 0, 0, 0, 0, 47, 1, 204, 0, 32, 0, ... ]",1
"[48, 49, 48, 49, 35, 1, 128, 2, 170, 1, 0, 0, 0, 0, 171, 1, 201, 0, 164, 0, ... ]",1
"[48, 49, 48, 48, 5, 1, 1, 100, 0, 236, 0, 0, 0, 0, 0, 232, 0, 122, 0, 42, ... ]",1
"[48, 49, 48, 49, 35, 1, 128, 2, 170, 1, 0, 0, 0, 0, 167, 1, 150, 0, 181, 0, ... ]",1
"[48, 49, 48, 49, 35, 4, 128, 2, 170, 1, 0, 0, 0, 0, 138, 0, 172, 0, 103, 0, ... ]",1
"[48, 49, 48, 49, 35, 1, 128, 2, 170, 1, 0, 0, 0, 0, 157, 1, 234, 0, 95, 0, ... ]",1
"[48, 49, 48, 49, 35, 1, 128, 2, 170, 1, 0, 0, 0, 0, 73, 0, 77, 0, 74, 0, ... ]",1
"[48, 49, 48, 49, 35, 1, 128, 2, 170, 1, 0, 0, 0, 0, 183, 1, 223, 0, 42, 0, ... ]",1
"[48, 49, 48, 49, 35, 1, 128, 2, 170, 1, 0, 0, 0, 0, 162, 1, 222, 0, 177, 0, ... ]",1
"[48, 49, 48, 49, 35, 1, 128, 2, 170, 1, 0, 0, 0, 0, 240, 0, 224, 0, 75, 1, ... ]",1
"[48, 49, 48, 49, 35, 1, 128, 2, 170, 1, 0, 0, 0, 0, 209, 0, 192, 0, 93, 0, ... ]",1
"[48, 49, 48, 48, 5, 1, 1, 100, 0, 236, 0, 0, 0, 0, 0, 210, 0, 93, 0, 110, ... ]",1
"[48, 49, 48, 49, 35, 1, 128, 2, 170, 1, 0, 0, 0, 0, 219, 1, 215, 0, 51, 0, ... ]",1
"[48, 49, 48, 49, 35, 1, 128, 2, 170, 1, 0, 0, 0, 0, 174, 1, 251, 0, 169, 0, ... ]",1
"[48, 49, 48, 49, 35, 2, 128, 2, 170, 1, 0, 0, 0, 0, 17, 1, 88, 0, 51, 0, ... ]",1
"[48, 49, 48, 49, 35, 1, 128, 2, 170, 1, 0, 0, 0, 0, 176, 1, 185, 0, 159, 0, ... ]",1
"[48, 49, 48, 48, 5, 1, 1, 100, 0, 236, 0, 0, 0, 0, 0, 157, 0, 134, 0, 54, ... ]",1
"[48, 49, 48, 49, 35, 2, 128, 2, 170, 1, 0, 0, 0, 0, 199, 0, 131, 0, 30, 0, ... ]",1
"[48, 49, 48, 49, 35, 1, 128, 2, 170, 1, 0, 0, 0, 0, 70, 1, 235, 0, 102, 0, ... ]",1
"[48, 49, 48, 48, 5, 1, 1, 100, 0, 236, 0, 0, 0, 0, 0, 178, 0, 110, 0, 36, ... ]",1
"[48, 49, 48, 49, 35, 1, 128, 2, 170, 1, 0, 0, 0, 0, 170, 1, 179, 0, 171, 0, ... ]",1
"[48, 49, 48, 49, 35, 2, 128, 2, 170, 1, 0, 0, 0, 0, 99, 0, 65, 0, 28, 0, ... ]",1
"[48, 49, 48, 49, 35, 1, 128, 2, 170, 1, 0, 0, 0, 0, 69, 1, 208, 0, 39, 0, ... ]",1
"[48, 49, 48, 49, 35, 6, 128, 2, 170, 1, 0, 0, 0, 0, 9, 2, 185, 0, 25, 0, ... ]",1
"[48, 49, 48, 48, 5, 1, 1, 100, 0, 236, 0, 0, 0, 0, 1, 0, 0, 120, 0, 60, ... ]",1
"[48, 49, 48, 49, 35, 9, 128, 2, 170, 1, 0, 0, 0, 0, 85, 2, 198, 0, 25, 0, ... ]",1
"[48, 49, 48, 48, 5, 1, 1, 100, 0, 236, 0, 0, 0, 0, 0, 179, 0, 116, 0, 34, ... ]",1
"[48, 49, 48, 49, 35, 1, 128, 2, 170, 1, 0, 0, 0, 0, 205, 1, 208, 0, 52, 0, ... ]",1
"[48, 49, 48, 49, 35, 1, 128, 2, 170, 1, 0, 0, 0, 0, 1, 2, 206, 0, 43, 0, ... ]",1
"[48, 49, 48, 49, 35, 1, 128, 2, 170, 1, 0, 0, 0, 0, 235, 0, 214, 0, 43, 0, ... ]",1
"[48, 49, 48, 49, 35, 3, 128, 2, 170, 1, 0, 0, 0, 0, 68, 1, 204, 0, 42, 0, ... ]",1
"[48, 49, 48, 49, 35, 2, 128, 2, 170, 1, 0, 0, 0, 0, 57, 1, 236, 0, 87, 0, ... ]",1
"[48, 49, 48, 49, 35, 1, 128, 2, 170, 1, 0, 0, 0, 0, 202, 0, 68, 0, 41, 0, ... ]",1
"[48, 49, 48, 49, 35, 1, 128, 2, 170, 1, 0, 0, 0, 0, 196, 1, 211, 0, 40, 0, ... ]",1
"[48, 49, 48, 49, 35, 1, 128, 2, 170, 1, 0, 0, 0, 0, 159, 1, 203, 0, 28, 0, ... ]",1
"[48, 49, 48, 48, 5, 1, 1, 100, 0, 236, 0, 0, 0, 0, 0, 157, 0, 143, 0, 86, ... ]",1
"[48, 49, 48, 49, 35, 1, 128, 2, 170, 1, 0, 0, 0, 0, 138, 1, 3, 1, 104, 0, ... ]",1
"[48, 49, 48, 49, 35, 1, 128, 2, 170, 1, 0, 0, 0, 0, 50, 1, 132, 0, 32, 0, ... ]",1
"[48, 49, 48, 49, 35, 1, 128, 2, 170, 1, 0, 0, 0, 0, 70, 1, 200, 0, 25, 0, ... ]",1
"[48, 49, 48, 49, 35, 1, 128, 2, 170, 1, 0, 0, 0, 0, 29, 1, 217, 0, 51, 0, ... ]",1
"[48, 49, 48, 49, 35, 2, 128, 2, 170, 1, 0, 0, 0, 0, 210, 0, 150, 0, 28, 0, ... ]",1
"[48, 49, 48, 49, 35, 3, 128, 2, 170, 1, 0, 0, 0, 0, 185, 1, 204, 0, 51, 0, ... ]",1
"[48, 49, 48, 48, 5, 1, 1, 100, 0, 236, 0, 0, 0, 0, 0, 137, 0, 73, 0, 34, ... ]",1
"[48, 49, 48, 49, 35, 1, 128, 2, 170, 1, 0, 0, 0, 0, 199, 1, 7, 1, 95, 0, ... ]",1
"[48, 49, 48, 49, 35, 1, 128, 2, 170, 1, 0, 0, 0, 0, 219, 1, 228, 0, 51, 0, ... ]",1
"[48, 49, 48, 49, 35, 1, 128, 2, 170, 1, 0, 0, 0, 0, 147, 1, 242, 0, 203, 0, ... ]",1
"[48, 49, 48, 49, 35, 1, 128, 2, 170, 1, 0, 0, 0, 0, 235, 1, 217, 0, 58, 0, ... ]",1
"[48, 49, 48, 49, 35, 1, 128, 2, 170, 1, 0, 0, 0, 0, 57, 1, 39, 1, 120, 0, ... ]",1
"[48, 49, 48, 49, 35, 2, 128, 2, 170, 1, 0, 0, 0, 0, 218, 0, 156, 0, 41, 0, ... ]",1
"[48, 49, 48, 49, 35, 1, 128, 2, 170, 1, 0, 0, 0, 0, 36, 1, 228, 0, 118, 0, ... ]",1
"[48, 49, 48, 49, 35, 2, 128, 2, 170, 1, 0, 0, 0, 0, 114, 1, 194, 0, 36, 0, ... ]",1
"[48, 49, 48, 49, 35, 1, 128, 2, 170, 1, 0, 0, 0, 0, 163, 1, 180, 0, 180, 0, ... ]",1
"[48, 49, 48, 49, 35, 1, 128, 2, 170, 1, 0, 0, 0, 0, 209, 1, 199, 0, 41, 0, ... ]",1
"[48, 49, 48, 48, 5, 1, 1, 100, 0, 236, 0, 0, 0, 0, 0, 223, 0, 120, 0, 54, ... ]",1
"[48, 49, 48, 49, 35, 1, 128, 2, 170, 1, 0, 0, 0, 0, 248, 1, 236, 0, 29, 0, ... ]",1
"[48, 49, 48, 49, 35, 1, 128, 2, 170, 1, 0, 0, 0, 0, 59, 1, 230, 0, 63, 0, ... ]",1
"[48, 49, 48, 48, 5, 1, 1, 100, 0, 236, 0, 0, 0, 0, 0, 181, 0, 110, 0, 36, ... ]",1
"[48, 49, 48, 49, 35, 1, 128, 2, 170, 1, 0, 0, 0, 0, 176, 1, 202, 0, 136, 0, ... ]",1
"[48, 49, 48, 49, 35, 1, 128, 2, 170, 1, 0, 0, 0, 0, 162, 1, 3, 1, 192, 0, ... ]",1
"[48, 49, 48, 49, 35, 1, 128, 2, 170, 1, 0, 0, 0, 0, 61, 1, 194, 0, 131, 0, ... ]",1
"[48, 49, 48, 48, 5, 1, 1, 100, 0, 236, 0, 0, 0, 0, 0, 135, 0, 116, 0, 34, ... ]",1
"[48, 49, 48, 49, 35, 5, 128, 2, 170, 1, 0, 0, 0, 0, 54, 1, 214, 0, 28, 0, ... ]",1
"[48, 49, 48, 48, 5, 1, 1, 100, 0, 236, 0, 0, 0, 0, 0, 199, 0, 107, 0, 86, ... ]",1
"[48, 49, 48, 49, 35, 1, 128, 2, 170, 1, 0, 0, 0, 0, 145, 1, 16, 1, 75, 1, ... ]",1
"[48, 49, 48, 49, 35, 1, 128, 2, 170, 1, 0, 0, 0, 0, 190, 1, 197, 0, 95, 0, ... ]",1
"[48, 49, 48, 49, 35, 1, 128, 2, 170, 1, 0, 0, 0, 0, 60, 1, 161, 0, 34, 0, ... ]",1
"[48, 49, 48, 49, 35, 1, 128, 2, 170, 1, 0, 0, 0, 0, 142, 1, 174, 0, 106, 0, ... ]",1
"[48, 49, 48, 49, 35, 2, 128, 2, 170, 1, 0, 0, 0, 0, 175, 1, 182, 0, 60, 0, ... ]",1
"[48, 49, 48, 49, 35, 2, 128, 2, 170, 1, 0, 0, 0, 0, 189, 1, 191, 0, 102, 0, ... ]",1
"[48, 49, 48, 49, 35, 3, 128, 2, 170, 1, 0, 0, 0, 0, 200, 1, 210, 0, 25, 0, ... ]",1
"[48, 49, 48, 49, 35, 1, 128, 2, 170, 1, 0, 0, 0, 0, 201, 1, 188, 0, 36, 0, ... ]",1
"[48, 49, 48, 48, 5, 1, 1, 100, 0, 236, 0, 0, 0, 0, 0, 220, 0, 144, 0, 76, ... ]",1
"[48, 49, 48, 49, 35, 1, 128, 2, 170, 1, 0, 0, 0, 0, 116, 1, 223, 0, 214, 0, ... ]",1
"[48, 49, 48, 49, 35, 1, 128, 2, 170, 1, 0, 0, 0, 0, 87, 1, 234, 0, 87, 0, ... ]",1
"[48, 49, 48, 49, 35, 1, 128, 2, 170, 1, 0, 0, 0, 0, 65, 1, 176, 0, 32, 0, ... ]",1
"[48, 49, 48, 48, 5, 1, 1, 100, 0, 236, 0, 0, 0, 0, 0, 193, 0, 121, 0, 46, ... ]",1
"[48, 49, 48, 49, 35, 1, 128, 2, 170, 1, 0, 0, 0, 0, 205, 1, 203, 0, 51, 0, ... ]",1
"[48, 49, 48, 48, 5, 1, 1, 100, 0, 236, 0, 0, 0, 0, 0, 198, 0, 131, 0, 42, ... ]",1
"[48, 49, 48, 49, 35, 1, 128, 2, 170, 1, 0, 0, 0, 0, 88, 1, 198, 0, 115, 0, ... ]",1
"[48, 49, 48, 49, 35, 4, 128, 2, 170, 1, 0, 0, 0, 0, 216, 1, 210, 0, 58, 0, ... ]",1
"[48, 49, 48, 48, 5, 1, 1, 100, 0, 236, 0, 0, 0, 0, 1, 3, 0, 131, 0, 50, ... ]",1
"[48, 49, 48, 49, 35, 1, 128, 2, 170, 1, 0, 0, 0, 0, 20, 1, 123, 0, 54, 0, ... ]",1
"[48, 49, 48, 48, 5, 1, 1, 100, 0, 236, 0, 0, 0, 0, 0, 207, 0, 124, 0, 136, ... ]",1
"[48, 49, 48, 49, 35, 1, 128, 2, 170, 1, 0, 0, 0, 0, 185, 0, 190, 0, 131, 0, ... ]",1
"[48, 49, 48, 49, 35, 1, 128, 2, 170, 1, 0, 0, 0, 0, 70, 1, 195, 0, 121, 0, ... ]",1
"[48, 49, 48, 49, 35, 1, 128, 2, 170, 1, 0, 0, 0, 0, 67, 1, 217, 0, 238, 0, ... ]",1
"[48, 49, 48, 49, 35, 1, 128, 2, 170, 1, 0, 0, 0, 0, 240, 1, 125, 1, 25, 0, ... ]",1
"[48, 49, 48, 49, 35, 1, 128, 2, 170, 1, 0, 0, 0, 0, 65, 1, 228, 0, 126, 0, ... ]",1
"[48, 49, 48, 49, 35, 1, 128, 2, 170, 1, 0, 0, 0, 0, 108, 1, 249, 0, 185, 0, ... ]",1
"[48, 49, 48, 49, 35, 2, 128, 2, 170, 1, 0, 0, 0, 0, 10, 1, 121, 0, 28, 0, ... ]",1
"[48, 49, 48, 49, 35, 2, 128, 2, 170, 1, 0, 0, 0, 0, 91, 1, 221, 0, 97, 0, ... ]",1
"[48, 49, 48, 49, 35, 1, 128, 2, 170, 1, 0, 0, 0, 0, 207, 0, 11, 1, 103, 0, ... ]",1
"[48, 49, 48, 49, 35, 10, 128, 2, 170, 1, 0, 0, 0, 0, 86, 1, 218, 0, 30, 0, ... ]",1
"[48, 49, 48, 49, 35, 2, 128, 2, 170, 1, 0, 0, 0, 0, 9, 1, 191, 0, 46, 0, ... ]",1
"[48, 49, 48, 48, 5, 1, 1, 100, 0, 236, 0, 0, 0, 0, 0, 216, 0, 155, 0, 96, ... ]",1
"[48, 49, 48, 49, 35, 1, 128, 2, 170, 1, 0, 0, 0, 0, 58, 1, 165, 0, 28, 0, ... ]",1
"[48, 49, 48, 48, 5, 1, 1, 100, 0, 236, 0, 0, 0, 0, 0, 227, 0, 132, 0, 54, ... ]",1
"[48, 49, 48, 49, 35, 1, 128, 2, 170, 1, 0, 0, 0, 0, 141, 1, 204, 0, 176, 0, ... ]",1
"[48, 49, 48, 49, 35, 2, 128, 2, 170, 1, 0, 0, 0, 0, 212, 1, 77, 0, 48, 0, ... ]",1
"[48, 49, 48, 49, 35, 2, 128, 2, 170, 1, 0, 0, 0, 0, 32, 1, 208, 0, 35, 0, ... ]",1
"[48, 49, 48, 48, 5, 1, 1, 100, 0, 236, 0, 0, 0, 0, 0, 80, 0, 89, 0, 34, ... ]",1
"[48, 49, 48, 49, 35, 1, 128, 2, 170, 1, 0, 0, 0, 0, 87, 1, 231, 0, 103, 0, ... ]",1
"[48, 49, 48, 49, 35, 1, 128, 2, 170, 1, 0, 0, 0, 0, 202, 1, 216, 0, 56, 0, ... ]",1
"[48, 49, 48, 49, 35, 1, 128, 2, 170, 1, 0, 0, 0, 0, 137, 0, 191, 0, 26, 0, ... ]",1
"[48, 49, 48, 49, 35, 5, 128, 2, 170, 1, 0, 0, 0, 0, 238, 1, 248, 0, 70, 0, ... ]",1
"[48, 49, 48, 48, 5, 1, 1, 100, 0, 236, 0, 0, 0, 0, 0, 228, 0, 119, 0, 74, ... ]",1
"[48, 49, 48, 49, 35, 6, 128, 2, 170, 1, 0, 0, 0, 0, 75, 1, 125, 0, 36, 0, ... ]",1
"[48, 49, 48, 48, 5, 1, 1, 100, 0, 236, 0, 0, 0, 0, 0, 196, 0, 119, 0, 68, ... ]",1
"[48, 49, 48, 49, 35, 1, 128, 2, 170, 1, 0, 0, 0, 0, 79, 1, 225, 0, 26, 0, ... ]",1
"[48, 49, 48, 49, 35, 1, 128, 2, 170, 1, 0, 0, 0, 0, 128, 1, 199, 0, 213, 0, ... ]",1
"[48, 49, 48, 49, 35, 1, 128, 2, 170, 1, 0, 0, 0, 0, 239, 0, 185, 0, 134, 0, ... ]",1
"[48, 49, 48, 49, 35, 2, 128, 2, 170, 1, 0, 0, 0, 0, 45, 1, 145, 0, 25, 0, ... ]",1
"[48, 49, 48, 49, 35, 1, 128, 2, 170, 1, 0, 0, 0, 0, 210, 0, 235, 0, 103, 0, ... ]",1
"[48, 49, 48, 49, 35, 1, 128, 2, 170, 1, 0, 0, 0, 0, 152, 1, 176, 0, 165, 0, ... ]",1
"[48, 49, 48, 49, 35, 6, 128, 2, 170, 1, 0, 0, 0, 0, 232, 1, 190, 0, 32, 0, ... ]",1
"[48, 49, 48, 49, 35, 3, 128, 2, 170, 1, 0, 0, 0, 0, 125, 1, 45, 1, 25, 0, ... ]",1
"[48, 49, 48, 49, 35, 1, 128, 2, 170, 1, 0, 0, 0, 0, 223, 1, 186, 0, 37, 0, ... ]",1
"[48, 49, 48, 49, 35, 1, 128, 2, 170, 1, 0, 0, 0, 0, 96, 1, 197, 0, 103, 0, ... ]",1
"[48, 49, 48, 48, 5, 1, 1, 100, 0, 236, 0, 0, 0, 0, 0, 234, 0, 89, 0, 60, ... ]",1
"[48, 49, 48, 49, 35, 1, 128, 2, 170, 1, 0, 0, 0, 0, 212, 0, 137, 0, 29, 0, ... ]",1
"[48, 49, 48, 49, 35, 1, 128, 2, 170, 1, 0, 0, 0, 0, 43, 1, 189, 0, 119, 0, ... ]",1
"[48, 49, 48, 49, 35, 2, 128, 2, 170, 1, 0, 0, 0, 0, 11, 1, 206, 0, 121, 0, ... ]",1
"[48, 49, 48, 49, 35, 2, 128, 2, 170, 1, 0, 0, 0, 0, 180, 1, 132, 0, 41, 0, ... ]",1
"[48, 49, 48, 48, 5, 1, 1, 100, 0, 236, 0, 0, 0, 0, 0, 195, 0, 156, 0, 42, ... ]",1
"[48, 49, 48, 49, 35, 2, 128, 2, 170, 1, 0, 0, 0, 0, 46, 1, 159, 0, 34, 0, ... ]",1
"[48, 49, 48, 49, 35, 1, 128, 2, 170, 1, 0, 0, 0, 0, 166, 1, 0, 1, 196, 0, ... ]",1
"[48, 49, 48, 48, 5, 1, 1, 100, 0, 236, 0, 0, 0, 0, 0, 168, 0, 128, 0, 90, ... ]",1
"[48, 49, 48, 49, 35, 1, 128, 2, 170, 1, 0, 0, 0, 0, 36, 1, 198, 0, 106, 0, ... ]",1
"[48, 49, 48, 49, 35, 1, 128, 2, 170, 1, 0, 0, 0, 0, 139, 1, 233, 0, 74, 0, ... ]",1
"[48, 49, 48, 49, 35, 1, 128, 2, 170, 1, 0, 0, 0, 0, 198, 1, 194, 0, 137, 0, ... ]",1
"[48, 49, 48, 48, 5, 1, 1, 100, 0, 236, 0, 0, 0, 0, 0, 235, 0, 89, 0, 76, ... ]",1
"[48, 49, 48, 49, 35, 1, 128, 2, 170, 1, 0, 0, 0, 0, 73, 1, 215, 0, 179, 0, ... ]",1
"[48, 49, 48, 49, 35, 1, 128, 2, 170, 1, 0, 0, 0, 0, 234, 1, 5, 1, 36, 0, ... ]",1
"[48, 49, 48, 49, 35, 1, 128, 2, 170, 1, 0, 0, 0, 0, 42, 1, 228, 0, 95, 0, ... ]",1
"[48, 49, 48, 49, 35, 1, 128, 2, 170, 1, 0, 0, 0, 0, 136, 1, 227, 0, 108, 0, ... ]",1
"[48, 49, 48, 48, 5, 1, 1, 100, 0, 236, 0, 0, 0, 0, 0, 113, 0, 146, 0, 42, ... ]",1
"[48, 49, 48, 49, 35, 1, 128, 2, 170, 1, 0, 0, 0, 0, 115, 1, 133, 0, 26, 0, ... ]",1
"[48, 49, 48, 48, 5, 1, 1, 100, 0, 236, 0, 0, 0, 0, 0, 172, 0, 116, 0, 34, ... ]",1
"[48, 49, 48, 49, 35, 2, 128, 2, 170, 1, 0, 0, 0, 0, 230, 0, 72, 0, 82, 0, ... ]",1
"[48, 49, 48, 49, 35, 1, 128, 2, 170, 1, 0, 0, 0, 0, 236, 1, 246, 0, 91, 0, ... ]",1
"[48, 49, 48, 49, 35, 2, 128, 2, 170, 1, 0, 0, 0, 0, 217, 0, 149, 0, 36, 0, ... ]",1
"[48, 49, 48, 49, 35, 5, 128, 2, 170, 1, 0, 0, 0, 0, 210, 0, 150, 0, 41, 0, ... ]",1
"[48, 49, 48, 49, 35, 1, 128, 2, 170, 1, 0, 0, 0, 0, 136, 1, 191, 0, 93, 0, ... ]",1
"[48, 49, 48, 49, 35, 1, 128, 2, 170, 1, 0, 0, 0, 0, 196, 0, 222, 0, 110, 0, ... ]",1
"[48, 49, 48, 49, 35, 1, 128, 2, 170, 1, 0, 0, 0, 0, 44, 1, 212, 0, 25, 0, ... ]",1
"[48, 49, 48, 49, 35, 2, 128, 2, 170, 1, 0, 0, 0, 0, 19, 1, 218, 0, 117, 0, ... ]",1
"[48, 49, 48, 49, 35, 1, 128, 2, 170, 1, 0, 0, 0, 0, 211, 1, 3, 1, 70, 0, ... ]",1
"[48, 49, 48, 48, 5, 2, 1, 100, 0, 236, 0, 0, 0, 0, 1, 34, 0, 123, 0, 54, ... ]",1
"[48, 49, 48, 49, 35, 13, 128, 2, 170, 1, 0, 0, 0, 0, 114, 1, 15, 1, 37, 0, ... ]",1
"[48, 49, 48, 49, 35, 1, 128, 2, 170, 1, 0, 0, 0, 0, 1, 2, 168, 0, 85, 0, ... ]",1
"[48, 49, 48, 49, 35, 1, 128, 2, 170, 1, 0, 0, 0, 0, 212, 0, 73, 0, 32, 0, ... ]",1
"[48, 49, 48, 48, 5, 1, 1, 100, 0, 236, 0, 0, 0, 0, 0, 116, 0, 87, 0, 34, ... ]",1
"[48, 49, 48, 49, 35, 1, 128, 2, 170, 1, 0, 0, 0, 0, 131, 1, 239, 0, 121, 0, ... ]",1
"[48, 49, 48, 49, 35, 5, 128, 2, 170, 1, 0, 0, 0, 0, 253, 1, 200, 0, 32, 0, ... ]",1
"[48, 49, 48, 49, 35, 1, 128, 2, 170, 1, 0, 0, 0, 0, 207, 1, 1, 1, 46, 0, ... ]",1
"[48, 49, 48, 49, 35, 1, 128, 2, 170, 1, 0, 0, 0, 0, 221, 0, 149, 0, 25, 0, ... ]",1
"[48, 49, 48, 48, 5, 1, 1, 100, 0, 236, 0, 0, 0, 0, 0, 162, 0, 105, 0, 76, ... ]",1
"[48, 49, 48, 49, 35, 1, 128, 2, 170, 1, 0, 0, 0, 0, 192, 1, 215, 0, 32, 0, ... ]",1
"[48, 49, 48, 48, 5, 1, 1, 100, 0, 236, 0, 0, 0, 0, 0, 230, 0, 130, 0, 38, ... ]",1
"[48, 49, 48, 49, 35, 1, 128, 2, 170, 1, 0, 0, 0, 0, 176, 1, 207, 0, 123, 0, ... ]",1
"[48, 49, 48, 48, 5, 2, 1, 100, 0, 236, 0, 0, 0, 0, 1, 9, 0, 104, 0, 42, ... ]",1
"[48, 49, 48, 49, 35, 2, 128, 2, 170, 1, 0, 0, 0, 0, 253, 0, 175, 0, 112, 0, ... ]",1
"[48, 49, 48, 48, 5, 1, 1, 100, 0, 236, 0, 0, 0, 0, 0, 137, 0, 75, 0, 34, ... ]",1
"[48, 49, 48, 49, 35, 1, 128, 2, 170, 1, 0, 0, 0, 0, 188, 1, 236, 0, 117, 0, ... ]",1
"[48, 49, 48, 49, 35, 1, 128, 2, 170, 1, 0, 0, 0, 0, 161, 1, 215, 0, 51, 0, ... ]",1
"[48, 49, 48, 49, 35, 1, 128, 2, 170, 1, 0, 0, 0, 0, 20, 1, 172, 0, 82, 0, ... ]",1
"[48, 49, 48, 49, 35, 2, 128, 2, 170, 1, 0, 0, 0, 0, 175, 0, 180, 0, 124, 0, ... ]",1
"[48, 49, 48, 48, 5, 1, 1, 100, 0, 236, 0, 0, 0, 0, 0, 177, 0, 130, 0, 38, ... ]",1
"[48, 49, 48, 49, 35, 1, 128, 2, 170, 1, 0, 0, 0, 0, 254, 0, 189, 0, 41, 0, ... ]",1
"[48, 49, 48, 49, 35, 1, 128, 2, 170, 1, 0, 0, 0, 0, 19, 1, 240, 0, 103, 0, ... ]",1
"[48, 49, 48, 49, 35, 3, 128, 2, 170, 1, 0, 0, 0, 0, 107, 1, 217, 0, 28, 0, ... ]",1
"[48, 49, 48, 48, 5, 1, 1, 100, 0, 236, 0, 0, 0, 0, 0, 151, 0, 125, 0, 120, ... ]",1
"[48, 49, 48, 49, 35, 1, 128, 2, 170, 1, 0, 0, 0, 0, 154, 1, 230, 0, 124, 0, ... ]",1
"[48, 49, 48, 49, 35, 1, 128, 2, 170, 1, 0, 0, 0, 0, 197, 1, 223, 0, 41, 0, ... ]",1
"[48, 49, 48, 49, 35, 2, 128, 2, 170, 1, 0, 0, 0, 0, 190, 0, 184, 0, 87, 0, ... ]",1
"[48, 49, 48, 49, 35, 1, 128, 2, 170, 1, 0, 0, 0, 0, 78, 1, 245, 0, 148, 0, ... ]",1
"[48, 49, 48, 49, 35, 3, 128, 2, 170, 1, 0, 0, 0, 0, 142, 1, 158, 0, 43, 0, ... ]",1
"[48, 49, 48, 49, 35, 1, 128, 2, 170, 1, 0, 0, 0, 0, 74, 1, 114, 1, 82, 0, ... ]",1
"[48, 49, 48, 48, 5, 1, 1, 100, 0, 236, 0, 0, 0, 0, 0, 132, 0, 87, 0, 48, ... ]",1
"[48, 49, 48, 49, 35, 2, 128, 2, 170, 1, 0, 0, 0, 0, 104, 1, 214, 0, 40, 0, ... ]",1
"[48, 49, 48, 49, 35, 2, 128, 2, 170, 1, 0, 0, 0, 0, 237, 0, 175, 0, 92, 0, ... ]",1
"[48, 49, 48, 49, 35, 1, 128, 2, 170, 1, 0, 0, 0, 0, 93, 1, 231, 0, 130, 0, ... ]",1
"[48, 49, 48, 49, 35, 1, 128, 2, 170, 1, 0, 0, 0, 0, 187, 1, 227, 0, 54, 0, ... ]",1
"[48, 49, 48, 49, 35, 1, 128, 2, 170, 1, 0, 0, 0, 0, 179, 1, 231, 0, 129, 0, ... ]",1
"[48, 49, 48, 49, 35, 1, 128, 2, 170, 1, 0, 0, 0, 0, 117, 1, 230, 0, 32, 0, ... ]",1
"[48, 49, 48, 49, 35, 3, 128, 2, 170, 1, 0, 0, 0, 0, 245, 1, 160, 0, 25, 0, ... ]",1
"[48, 49, 48, 49, 35, 1, 128, 2, 170, 1, 0, 0, 0, 0, 47, 1, 206, 0, 32, 0, ... ]",1
"[48, 49, 48, 49, 35, 4, 128, 2, 170, 1, 0, 0, 0, 0, 75, 2, 161, 0, 28, 0, ... ]",1
"[48, 49, 48, 48, 5, 1, 1, 100, 0, 236, 0, 0, 0, 0, 0, 202, 0, 72, 0, 42, ... ]",1
"[48, 49, 48, 49, 35, 2, 128, 2, 170, 1, 0, 0, 0, 0, 146, 1, 240, 0, 130, 0, ... ]",1
"[48, 49, 48, 48, 5, 1, 1, 100, 0, 236, 0, 0, 0, 0, 0, 153, 0, 119, 0, 68, ... ]",1
"[48, 49, 48, 48, 5, 1, 1, 100, 0, 236, 0, 0, 0, 0, 0, 224, 0, 123, 0, 54, ... ]",1
"[48, 49, 48, 49, 35, 1, 128, 2, 170, 1, 0, 0, 0, 0, 182, 1, 231, 0, 118, 0, ... ]",1
"[48, 49, 48, 49, 35, 2, 128, 2, 170, 1, 0, 0, 0, 0, 152, 1, 197, 0, 41, 0, ... ]",1
"[48, 49, 48, 49, 35, 1, 128, 2, 170, 1, 0, 0, 0, 0, 164, 1, 213, 0, 40, 0, ... ]",1
"[48, 49, 48, 49, 35, 2, 128, 2, 170, 1, 0, 0, 0, 0, 213, 1, 188, 0, 58, 0, ... ]",1
"[48, 49, 48, 49, 35, 1, 128, 2, 170, 1, 0, 0, 0, 0, 44, 1, 164, 0, 53, 0, ... ]",1
"[48, 49, 48, 49, 35, 1, 128, 2, 170, 1, 0, 0, 0, 0, 71, 1, 210, 0, 28, 0, ... ]",1
"[48, 49, 48, 49, 35, 2, 128, 2, 170, 1, 0, 0, 0, 0, 1, 1, 168, 0, 56, 0, ... ]",1
"[48, 49, 48, 49, 35, 6, 128, 2, 170, 1, 0, 0, 0, 0, 80, 0, 13, 1, 28, 0, ... ]",1
"[48, 49, 48, 48, 5, 1, 1, 100, 0, 236, 0, 0, 0, 0, 0, 230, 0, 73, 0, 38, ... ]",1
"[48, 49, 48, 49, 35, 1, 128, 2, 170, 1, 0, 0, 0, 0, 145, 1, 169, 0, 93, 0, ... ]",1
"[48, 49, 48, 48, 5, 2, 1, 100, 0, 236, 0, 0, 0, 0, 1, 14, 0, 77, 0, 54, ... ]",1
"[48, 49, 48, 49, 35, 3, 128, 2, 170, 1, 0, 0, 0, 0, 13, 1, 206, 0, 59, 0, ... ]",1
"[48, 49, 48, 49, 35, 1, 128, 2, 170, 1, 0, 0, 0, 0, 52, 1, 189, 0, 86, 0, ... ]",1
"[48, 49, 48, 48, 5, 1, 1, 100, 0, 236, 0, 0, 0, 0, 0, 246, 0, 111, 0, 48, ... ]",1
"[48, 49, 48, 49, 35, 6, 128, 2, 170, 1, 0, 0, 0, 0, 38, 2, 130, 0, 51, 0, ... ]",1
"[48, 49, 48, 49, 35, 1, 128, 2, 170, 1, 0, 0, 0, 0, 189, 1, 235, 0, 117, 0, ... ]",1
"[48, 49, 48, 49, 35, 1, 128, 2, 170, 1, 0, 0, 0, 0, 215, 1, 223, 0, 46, 0, ... ]",1
"[48, 49, 48, 49, 35, 2, 128, 2, 170, 1, 0, 0, 0, 0, 221, 1, 247, 0, 132, 0, ... ]",1
"[48, 49, 48, 49, 35, 1, 128, 2, 170, 1, 0, 0, 0, 0, 193, 1, 31, 1, 25, 0, ... ]",1
"[48, 49, 48, 48, 5, 1, 1, 100, 0, 236, 0, 0, 0, 0, 1, 29, 0, 140, 0, 42, ... ]",1
"[48, 49, 48, 49, 35, 2, 128, 2, 170, 1, 0, 0, 0, 0, 104, 1, 224, 0, 82, 0, ... ]",1
"[48, 49, 48, 49, 35, 1, 128, 2, 170, 1, 0, 0, 0, 0, 37, 1, 161, 0, 115, 0, ... ]",1
"[48, 49, 48, 49, 35, 1, 128, 2, 170, 1, 0, 0, 0, 0, 39, 1, 189, 0, 113, 0, ... ]",1
"[48, 49, 48, 49, 35, 1, 128, 2, 170, 1, 0, 0, 0, 0, 156, 1, 247, 0, 195, 0, ... ]",1
"[48, 49, 48, 49, 35, 1, 128, 2, 170, 1, 0, 0, 0, 0, 213, 1, 217, 0, 96, 0, ... ]",1
"[48, 49, 48, 48, 5, 1, 1, 100, 0, 236, 0, 0, 0, 0, 0, 216, 0, 95, 0, 52, ... ]",1
"[48, 49, 48, 49, 35, 2, 128, 2, 170, 1, 0, 0, 0, 0, 220, 0, 236, 0, 103, 0, ... ]",1
"[48, 49, 48, 49, 35, 1, 128, 2, 170, 1, 0, 0, 0, 0, 132, 1, 244, 0, 114, 0, ... ]",1
"[48, 49, 48, 49, 35, 2, 128, 2, 170, 1, 0, 0, 0, 0, 25, 1, 208, 0, 30, 0, ... ]",1
"[48, 49, 48, 48, 5, 1, 1, 100, 0, 236, 0, 0, 0, 0, 0, 213, 0, 121, 0, 76, ... ]",1
"[48, 49, 48, 49, 35, 1, 128, 2, 170, 1, 0, 0, 0, 0, 104, 1, 248, 0, 49, 1, ... ]",1
"[48, 49, 48, 49, 35, 2, 128, 2, 170, 1, 0, 0, 0, 0, 119, 1, 25, 1, 30, 0, ... ]",1
"[48, 49, 48, 49, 35, 1, 128, 2, 170, 1, 0, 0, 0, 0, 231, 1, 208, 0, 52, 0, ... ]",1
"[48, 49, 48, 49, 35, 2, 128, 2, 170, 1, 0, 0, 0, 0, 186, 0, 189, 0, 63, 0, ... ]",1
"[48, 49, 48, 49, 35, 1, 128, 2, 170, 1, 0, 0, 0, 0, 66, 1, 190, 0, 88, 0, ... ]",1
"[48, 49, 48, 49, 35, 6, 128, 2, 170, 1, 0, 0, 0, 0, 154, 0, 147, 0, 29, 0, ... ]",1
"[48, 49, 48, 49, 35, 1, 128, 2, 170, 1, 0, 0, 0, 0, 156, 1, 188, 0, 82, 0, ... ]",1
"[48, 49, 48, 49, 35, 3, 128, 2, 170, 1, 0, 0, 0, 0, 28, 1, 223, 0, 25, 0, ... ]",1
"[48, 49, 48, 49, 35, 6, 128, 2, 170, 1, 0, 0, 0, 0, 69, 2, 14, 1, 29, 0, ... ]",1
"[48, 49, 48, 49, 35, 1, 128, 2, 170, 1, 0, 0, 0, 0, 66, 1, 235, 0, 147, 0, ... ]",1
"[48, 49, 48, 49, 35, 1, 128, 2, 170, 1, 0, 0, 0, 0, 92, 1, 188, 0, 102, 0, ... ]",1
"[48, 49, 48, 49, 35, 1, 128, 2, 170, 1, 0, 0, 0, 0, 133, 1, 237, 0, 124, 0, ... ]",1
"[48, 49, 48, 48, 5, 1, 1, 100, 0, 236, 0, 0, 0, 0, 0, 141, 0, 104, 0, 46, ... ]",1
